{"stats":{"minecraft:killed":{"minecraft:skeleton":1,"minecraft:chicken":2,"minecraft:drowned":2,"minecraft:pig":3,"minecraft:sheep":2,"minecraft:zombie":1},"minecraft:mined":{"minecraft:stone_pressure_plate":1,"minecraft:spruce_planks":3,"minecraft:oak_sapling":8,"minecraft:mossy_cobblestone":31,"minecraft:mossy_stone_brick_slab":1,"minecraft:jungle_leaves":35,"minecraft:acacia_log":13,"minecraft:grass_block":352,"minecraft:jungle_log":6,"minecraft:sandstone":8,"minecraft:chiseled_stone_bricks":3,"minecraft:iron_ore":21,"minecraft:sticky_piston":3,"minecraft:gold_block":2,"minecraft:vine":4,"minecraft:bamboo":1,"minecraft:stone":170,"minecraft:cut_sandstone":8,"minecraft:acacia_leaves":3,"minecraft:orange_terracotta":2,"minecraft:crafting_table":3,"minecraft:torch":3,"minecraft:melon":20,"minecraft:cobblestone":26,"minecraft:oak_planks":8,"minecraft:repeater":1,"minecraft:coarse_dirt":5,"minecraft:spruce_log":2,"minecraft:tnt":9,"minecraft:grass":62,"minecraft:oak_log":69,"minecraft:coal_ore":41,"minecraft:cocoa":7,"minecraft:sand":6,"minecraft:dirt":426,"minecraft:dispenser":1,"minecraft:oak_leaves":30,"minecraft:fern":5},"minecraft:dropped":{"minecraft:iron_ingot":4,"minecraft:stick":2,"minecraft:emerald":7,"minecraft:cooked_cod":6,"minecraft:heart_of_the_sea":1,"minecraft:sand":3,"minecraft:gold_ingot":1,"minecraft:rotten_flesh":1,"minecraft:filled_map":2,"minecraft:orange_terracotta":1,"minecraft:oak_sapling":1,"minecraft:azalea":1,"minecraft:stone_pressure_plate":1,"minecraft:wooden_pickaxe":1},"minecraft:broken":{"minecraft:stone_pickaxe":1,"minecraft:stone_shovel":5},"minecraft:crafted":{"minecraft:oak_planks":32,"minecraft:stone_shovel":7,"minecraft:cooked_chicken":1,"minecraft:furnace":1,"minecraft:melon_seeds":31,"minecraft:stone_pickaxe":3,"minecraft:chest":5,"minecraft:spruce_boat":1,"minecraft:crafting_table":2,"minecraft:spruce_planks":8,"minecraft:wooden_pickaxe":1,"minecraft:iron_sword":1,"minecraft:spruce_chest_boat":1,"minecraft:bucket":1,"minecraft:stone_axe":2,"minecraft:air":0,"minecraft:oak_boat":1,"minecraft:white_wool":3,"minecraft:stick":36,"minecraft:iron_ingot":6,"minecraft:iron_pickaxe":1,"minecraft:stone_sword":1,"minecraft:gold_ingot":18,"minecraft:acacia_planks":52,"minecraft:torch":12},"minecraft:picked_up":{"minecraft:cocoa_beans":17,"minecraft:crafting_table":3,"minecraft:coarse_dirt":5,"minecraft:chicken":2,"minecraft:wooden_pickaxe":1,"minecraft:gold_block":2,"minecraft:shield":1,"minecraft:sticky_piston":3,"minecraft:spruce_planks":3,"minecraft:azalea":1,"minecraft:jungle_sapling":2,"minecraft:melon_slice":101,"minecraft:chest":1,"minecraft:stick":22,"minecraft:raw_iron":21,"minecraft:sandstone":8,"minecraft:torch":10,"minecraft:acacia_log":13,"minecraft:porkchop":5,"minecraft:redstone":2,"minecraft:stone_pressure_plate":1,"minecraft:tnt":9,"minecraft:rotten_flesh":4,"minecraft:arrow":7,"minecraft:mutton":3,"minecraft:white_wool":2,"minecraft:cobblestone":194,"minecraft:feather":10,"minecraft:repeater":1,"minecraft:jungle_log":6,"minecraft:cut_sandstone":8,"minecraft:filled_map":2,"minecraft:oak_log":69,"minecraft:paper":6,"minecraft:dirt":777,"minecraft:orange_terracotta":2,"minecraft:bone":1,"minecraft:apple":5,"minecraft:kelp":11,"minecraft:wheat_seeds":10,"minecraft:bamboo":10,"minecraft:oak_planks":8,"minecraft:acacia_sapling":7,"minecraft:chiseled_stone_bricks":3,"minecraft:sand":9,"minecraft:spruce_log":2,"minecraft:mossy_cobblestone":31,"minecraft:dispenser":1,"minecraft:spruce_boat":2,"minecraft:lever":3,"minecraft:oak_sapling":31,"minecraft:coal":51},"minecraft:used":{"minecraft:stone_sword":31,"minecraft:stone_shovel":709,"minecraft:chest":5,"minecraft:shield":1,"minecraft:cooked_chicken":1,"minecraft:rotten_flesh":3,"minecraft:torch":22,"minecraft:dirt":207,"minecraft:spruce_boat":2,"minecraft:furnace":1,"minecraft:oak_sapling":24,"minecraft:acacia_planks":15,"minecraft:orange_terracotta":1,"minecraft:water_bucket":6,"minecraft:stone_pickaxe":213,"minecraft:spruce_chest_boat":1,"minecraft:wooden_pickaxe":17,"minecraft:sandstone":8,"minecraft:cut_sandstone":8,"minecraft:mossy_cobblestone":10,"minecraft:sand":3,"minecraft:crafting_table":4,"minecraft:apple":4,"minecraft:melon_slice":11,"minecraft:iron_pickaxe":89,"minecraft:stone_axe":59,"minecraft:cobblestone":11,"minecraft:bucket":7,"minecraft:oak_boat":1,"minecraft:coarse_dirt":5},"minecraft:custom":{"minecraft:mob_kills":11,"minecraft:interact_with_crafting_table":26,"minecraft:leave_game":10,"minecraft:time_since_death":47270,"minecraft:climb_one_cm":2435,"minecraft:sprint_one_cm":161644,"minecraft:walk_one_cm":387054,"minecraft:damage_blocked_by_shield":110,"minecraft:drop":18,"minecraft:play_time":144507,"minecraft:deaths":2,"minecraft:sneak_time":2337,"minecraft:walk_under_water_one_cm":23618,"minecraft:boat_one_cm":814881,"minecraft:jump":1714,"minecraft:walk_on_water_one_cm":25561,"minecraft:total_world_time":144507,"minecraft:interact_with_furnace":12,"minecraft:time_since_rest":47318,"minecraft:damage_taken":1120,"minecraft:damage_dealt":1196,"minecraft:swim_one_cm":238557,"minecraft:fly_one_cm":166308,"minecraft:open_chest":42,"minecraft:crouch_one_cm":7457,"minecraft:fall_one_cm":37872}},"DataVersion":3465}