{"stats":{"minecraft:killed":{"minecraft:pig":3,"minecraft:sheep":2,"minecraft:skeleton":1,"minecraft:zombie":1,"minecraft:chicken":2,"minecraft:drowned":2},"minecraft:mined":{"minecraft:spruce_planks":3,"minecraft:cut_sandstone":8,"minecraft:acacia_leaves":3,"minecraft:stone_pressure_plate":1,"minecraft:oak_sapling":8,"minecraft:mossy_cobblestone":31,"minecraft:jungle_leaves":35,"minecraft:orange_terracotta":2,"minecraft:torch":3,"minecraft:crafting_table":3,"minecraft:acacia_log":13,"minecraft:grass_block":352,"minecraft:melon":20,"minecraft:jungle_log":6,"minecraft:cobblestone":26,"minecraft:oak_planks":8,"minecraft:sandstone":8,"minecraft:chiseled_stone_bricks":3,"minecraft:repeater":1,"minecraft:coarse_dirt":5,"minecraft:iron_ore":21,"minecraft:sticky_piston":3,"minecraft:spruce_log":2,"minecraft:tnt":9,"minecraft:grass":61,"minecraft:coal_ore":41,"minecraft:oak_log":69,"minecraft:cocoa":6,"minecraft:vine":3,"minecraft:sand":6,"minecraft:dirt":426,"minecraft:bamboo":1,"minecraft:dispenser":1,"minecraft:stone":170,"minecraft:oak_leaves":30,"minecraft:fern":5},"minecraft:dropped":{"minecraft:iron_ingot":4,"minecraft:rotten_flesh":1,"minecraft:stick":1,"minecraft:emerald":7,"minecraft:filled_map":2,"minecraft:orange_terracotta":1,"minecraft:cooked_cod":6,"minecraft:oak_sapling":1,"minecraft:stone_pressure_plate":1,"minecraft:heart_of_the_sea":1,"minecraft:sand":3,"minecraft:wooden_pickaxe":1,"minecraft:gold_ingot":1},"minecraft:crafted":{"minecraft:oak_planks":32,"minecraft:stone_shovel":7,"minecraft:crafting_table":2,"minecraft:spruce_planks":8,"minecraft:wooden_pickaxe":1,"minecraft:cooked_chicken":1,"minecraft:iron_sword":1,"minecraft:furnace":1,"minecraft:bucket":1,"minecraft:spruce_chest_boat":1,"minecraft:stone_axe":2,"minecraft:air":0,"minecraft:oak_boat":1,"minecraft:white_wool":3,"minecraft:melon_seeds":17,"minecraft:stick":36,"minecraft:iron_ingot":6,"minecraft:stone_pickaxe":3,"minecraft:iron_pickaxe":1,"minecraft:stone_sword":1,"minecraft:chest":5,"minecraft:spruce_boat":1,"minecraft:acacia_planks":52,"minecraft:torch":12},"minecraft:picked_up":{"minecraft:cocoa_beans":14,"minecraft:coarse_dirt":5,"minecraft:crafting_table":3,"minecraft:feather":10,"minecraft:repeater":1,"minecraft:chicken":2,"minecraft:jungle_log":6,"minecraft:cut_sandstone":8,"minecraft:wooden_pickaxe":1,"minecraft:filled_map":2,"minecraft:oak_log":69,"minecraft:shield":1,"minecraft:dirt":777,"minecraft:paper":6,"minecraft:orange_terracotta":2,"minecraft:sticky_piston":3,"minecraft:bone":1,"minecraft:apple":5,"minecraft:kelp":11,"minecraft:wheat_seeds":10,"minecraft:spruce_planks":3,"minecraft:jungle_sapling":2,"minecraft:azalea":1,"minecraft:bamboo":10,"minecraft:melon_slice":101,"minecraft:chest":1,"minecraft:oak_planks":8,"minecraft:acacia_sapling":7,"minecraft:raw_iron":21,"minecraft:stick":21,"minecraft:sandstone":8,"minecraft:chiseled_stone_bricks":3,"minecraft:torch":10,"minecraft:acacia_log":13,"minecraft:porkchop":5,"minecraft:sand":9,"minecraft:spruce_log":2,"minecraft:redstone":2,"minecraft:stone_pressure_plate":1,"minecraft:mossy_cobblestone":31,"minecraft:tnt":9,"minecraft:dispenser":1,"minecraft:arrow":7,"minecraft:rotten_flesh":4,"minecraft:spruce_boat":2,"minecraft:lever":3,"minecraft:oak_sapling":31,"minecraft:mutton":3,"minecraft:coal":51,"minecraft:white_wool":2,"minecraft:cobblestone":194},"minecraft:broken":{"minecraft:stone_pickaxe":1,"minecraft:stone_shovel":5},"minecraft:used":{"minecraft:water_bucket":6,"minecraft:stone_sword":31,"minecraft:stone_pickaxe":213,"minecraft:stone_shovel":709,"minecraft:spruce_chest_boat":1,"minecraft:chest":5,"minecraft:wooden_pickaxe":17,"minecraft:shield":1,"minecraft:sandstone":8,"minecraft:cut_sandstone":8,"minecraft:cooked_chicken":1,"minecraft:rotten_flesh":3,"minecraft:torch":22,"minecraft:mossy_cobblestone":10,"minecraft:sand":3,"minecraft:dirt":207,"minecraft:crafting_table":4,"minecraft:spruce_boat":2,"minecraft:apple":3,"minecraft:iron_pickaxe":86,"minecraft:melon_slice":6,"minecraft:stone_axe":59,"minecraft:cobblestone":11,"minecraft:oak_sapling":24,"minecraft:furnace":1,"minecraft:bucket":7,"minecraft:oak_boat":1,"minecraft:coarse_dirt":5,"minecraft:acacia_planks":15,"minecraft:orange_terracotta":1},"minecraft:custom":{"minecraft:interact_with_furnace":12,"minecraft:mob_kills":11,"minecraft:interact_with_crafting_table":26,"minecraft:leave_game":10,"minecraft:time_since_death":35270,"minecraft:climb_one_cm":1855,"minecraft:time_since_rest":35318,"minecraft:sprint_one_cm":158884,"minecraft:damage_taken":1010,"minecraft:walk_one_cm":380525,"minecraft:damage_blocked_by_shield":110,"minecraft:drop":16,"minecraft:damage_dealt":1196,"minecraft:swim_one_cm":208893,"minecraft:fly_one_cm":161196,"minecraft:play_time":132507,"minecraft:crouch_one_cm":7457,"minecraft:open_chest":41,"minecraft:sneak_time":2327,"minecraft:deaths":2,"minecraft:walk_under_water_one_cm":22625,"minecraft:boat_one_cm":546464,"minecraft:jump":1665,"minecraft:walk_on_water_one_cm":23278,"minecraft:total_world_time":132507,"minecraft:fall_one_cm":36858}},"DataVersion":3465}