{"stats":{"minecraft:killed":{"minecraft:skeleton":1,"minecraft:chicken":2,"minecraft:drowned":2},"minecraft:mined":{"minecraft:acacia_leaves":3,"minecraft:crafting_table":1,"minecraft:acacia_log":13,"minecraft:grass_block":238,"minecraft:coarse_dirt":2,"minecraft:iron_ore":6,"minecraft:grass":15,"minecraft:coal_ore":28,"minecraft:oak_log":36,"minecraft:dirt":323,"minecraft:sand":6,"minecraft:stone":31,"minecraft:oak_leaves":2},"minecraft:dropped":{"minecraft:iron_ingot":4,"minecraft:rotten_flesh":1,"minecraft:stick":1,"minecraft:emerald":7,"minecraft:filled_map":1,"minecraft:cooked_cod":6,"minecraft:heart_of_the_sea":1,"minecraft:sand":3,"minecraft:wooden_pickaxe":1,"minecraft:gold_ingot":1},"minecraft:broken":{"minecraft:stone_shovel":4},"minecraft:crafted":{"minecraft:oak_planks":16,"minecraft:stone_shovel":7,"minecraft:crafting_table":1,"minecraft:wooden_pickaxe":1,"minecraft:cooked_chicken":1,"minecraft:furnace":1,"minecraft:stone_axe":1,"minecraft:air":0,"minecraft:oak_boat":1,"minecraft:stick":32,"minecraft:stone_pickaxe":1,"minecraft:stone_sword":1,"minecraft:chest":2,"minecraft:acacia_planks":52,"minecraft:torch":12},"minecraft:picked_up":{"minecraft:coarse_dirt":2,"minecraft:crafting_table":1,"minecraft:feather":10,"minecraft:chicken":2,"minecraft:wooden_pickaxe":1,"minecraft:filled_map":2,"minecraft:oak_log":36,"minecraft:shield":1,"minecraft:dirt":559,"minecraft:paper":6,"minecraft:bone":1,"minecraft:apple":2,"minecraft:wheat_seeds":3,"minecraft:chest":1,"minecraft:acacia_sapling":7,"minecraft:raw_iron":5,"minecraft:stick":9,"minecraft:torch":1,"minecraft:acacia_log":13,"minecraft:sand":9,"minecraft:arrow":1,"minecraft:rotten_flesh":1,"minecraft:oak_sapling":4,"minecraft:coal":38,"minecraft:cobblestone":30},"minecraft:used":{"minecraft:stone_sword":17,"minecraft:stone_shovel":544,"minecraft:stone_pickaxe":48,"minecraft:chest":3,"minecraft:wooden_pickaxe":17,"minecraft:cooked_chicken":1,"minecraft:torch":12,"minecraft:dirt":17,"minecraft:sand":3,"minecraft:crafting_table":2,"minecraft:stone_axe":30,"minecraft:oak_sapling":4,"minecraft:furnace":1,"minecraft:oak_boat":1,"minecraft:coarse_dirt":2,"minecraft:acacia_planks":15},"minecraft:custom":{"minecraft:interact_with_furnace":6,"minecraft:mob_kills":5,"minecraft:interact_with_crafting_table":14,"minecraft:leave_game":1,"minecraft:time_since_death":41072,"minecraft:time_since_rest":41072,"minecraft:sprint_one_cm":36982,"minecraft:damage_taken":80,"minecraft:walk_one_cm":102043,"minecraft:drop":12,"minecraft:damage_dealt":698,"minecraft:swim_one_cm":18893,"minecraft:fly_one_cm":49025,"minecraft:open_chest":10,"minecraft:crouch_one_cm":628,"minecraft:play_time":41072,"minecraft:sneak_time":463,"minecraft:walk_under_water_one_cm":9485,"minecraft:boat_one_cm":212373,"minecraft:jump":465,"minecraft:walk_on_water_one_cm":4399,"minecraft:total_world_time":41072,"minecraft:fall_one_cm":7646}},"DataVersion":3465}