{"stats":{"minecraft:mined":{"minecraft:grass":1,"minecraft:acacia_log":6,"minecraft:acacia_leaves":1,"minecraft:oak_leaves":1},"minecraft:picked_up":{"minecraft:stick":3,"minecraft:apple":1,"minecraft:acacia_log":6},"minecraft:custom":{"minecraft:jump":27,"minecraft:time_since_rest":1770,"minecraft:damage_dealt":20,"minecraft:crouch_one_cm":334,"minecraft:sprint_one_cm":3227,"minecraft:play_time":1770,"minecraft:time_since_death":1770,"minecraft:walk_one_cm":10170,"minecraft:sneak_time":45,"minecraft:total_world_time":1770,"minecraft:fall_one_cm":1463,"minecraft:fly_one_cm":7352}},"DataVersion":3465}