{"stats":{"minecraft:killed":{"minecraft:skeleton":1,"minecraft:chicken":2,"minecraft:drowned":2},"minecraft:mined":{"minecraft:acacia_leaves":1,"minecraft:coarse_dirt":2,"minecraft:crafting_table":1,"minecraft:grass_block":2,"minecraft:grass":11,"minecraft:acacia_log":6,"minecraft:oak_log":36,"minecraft:coal_ore":28,"minecraft:sand":3,"minecraft:dirt":8,"minecraft:stone":18,"minecraft:oak_leaves":2},"minecraft:dropped":{"minecraft:filled_map":1,"minecraft:iron_ingot":4,"minecraft:cooked_cod":6,"minecraft:rotten_flesh":1,"minecraft:heart_of_the_sea":1,"minecraft:sand":3,"minecraft:wooden_pickaxe":1,"minecraft:gold_ingot":1,"minecraft:stick":1,"minecraft:emerald":7},"minecraft:crafted":{"minecraft:oak_boat":1,"minecraft:oak_planks":16,"minecraft:crafting_table":1,"minecraft:stick":8,"minecraft:wooden_pickaxe":1,"minecraft:stone_pickaxe":1,"minecraft:stone_sword":1,"minecraft:stone_axe":1},"minecraft:picked_up":{"minecraft:crafting_table":1,"minecraft:stick":6,"minecraft:coarse_dirt":2,"minecraft:feather":10,"minecraft:chicken":2,"minecraft:acacia_log":6,"minecraft:wooden_pickaxe":1,"minecraft:filled_map":2,"minecraft:sand":6,"minecraft:oak_log":36,"minecraft:shield":1,"minecraft:paper":6,"minecraft:dirt":10,"minecraft:arrow":1,"minecraft:bone":1,"minecraft:rotten_flesh":1,"minecraft:apple":2,"minecraft:wheat_seeds":2,"minecraft:oak_sapling":4,"minecraft:chest":1,"minecraft:coal":38,"minecraft:cobblestone":17},"minecraft:used":{"minecraft:stone_sword":17,"minecraft:stone_pickaxe":29,"minecraft:wooden_pickaxe":17,"minecraft:dirt":7,"minecraft:stone_axe":24,"minecraft:sand":3,"minecraft:crafting_table":1,"minecraft:oak_boat":1,"minecraft:coarse_dirt":2},"minecraft:custom":{"minecraft:time_since_rest":25770,"minecraft:damage_taken":80,"minecraft:interact_with_furnace":1,"minecraft:sprint_one_cm":30688,"minecraft:walk_one_cm":47565,"minecraft:mob_kills":5,"minecraft:drop":12,"minecraft:damage_dealt":698,"minecraft:swim_one_cm":18893,"minecraft:interact_with_crafting_table":5,"minecraft:fly_one_cm":48143,"minecraft:open_chest":4,"minecraft:crouch_one_cm":372,"minecraft:play_time":25770,"minecraft:sneak_time":394,"minecraft:walk_under_water_one_cm":9485,"minecraft:boat_one_cm":212373,"minecraft:jump":336,"minecraft:time_since_death":25770,"minecraft:walk_on_water_one_cm":4399,"minecraft:total_world_time":25770,"minecraft:fall_one_cm":7108}},"DataVersion":3465}