{"stats":{"minecraft:picked_up":{"minecraft:cocoa_beans":17,"minecraft:crafting_table":4,"minecraft:coarse_dirt":5,"minecraft:chicken":2,"minecraft:leather_leggings":1,"minecraft:wooden_pickaxe":1,"minecraft:gold_block":2,"minecraft:golden_sword":1,"minecraft:shield":1,"minecraft:spruce_chest_boat":1,"minecraft:sticky_piston":3,"minecraft:sea_pickle":18,"minecraft:spruce_planks":3,"minecraft:jungle_sapling":2,"minecraft:azalea":1,"minecraft:iron_nugget":53,"minecraft:melon_slice":130,"minecraft:chest":2,"minecraft:furnace":1,"minecraft:stick":39,"minecraft:raw_iron":39,"minecraft:sandstone":8,"minecraft:torch":10,"minecraft:acacia_log":13,"minecraft:porkchop":5,"minecraft:redstone":2,"minecraft:stone_pressure_plate":1,"minecraft:tnt":9,"minecraft:rotten_flesh":13,"minecraft:arrow":7,"minecraft:cactus":11,"minecraft:white_terracotta":141,"minecraft:mutton":3,"minecraft:white_wool":2,"minecraft:cobblestone":200,"minecraft:feather":10,"minecraft:repeater":1,"minecraft:salmon":2,"minecraft:jungle_log":6,"minecraft:cut_sandstone":8,"minecraft:filled_map":3,"minecraft:oak_log":125,"minecraft:gunpowder":8,"minecraft:lapis_lazuli":3,"minecraft:paper":6,"minecraft:dirt":783,"minecraft:orange_terracotta":2,"minecraft:leather_boots":1,"minecraft:coast_armor_trim_smithing_template":4,"minecraft:bone":2,"minecraft:apple":5,"minecraft:kelp":14,"minecraft:wheat_seeds":14,"minecraft:iron_ingot":24,"minecraft:bamboo":17,"minecraft:moss_block":10,"minecraft:flowering_azalea":1,"minecraft:oak_planks":8,"minecraft:acacia_sapling":7,"minecraft:chiseled_stone_bricks":3,"minecraft:sand":17,"minecraft:ink_sac":1,"minecraft:white_bed":1,"minecraft:spruce_log":2,"minecraft:mossy_cobblestone":31,"minecraft:dispenser":1,"minecraft:spruce_boat":2,"minecraft:lever":3,"minecraft:emerald":16,"minecraft:oak_sapling":53,"minecraft:coal":51},"minecraft:used":{"minecraft:stone_sword":31,"minecraft:stone_shovel":709,"minecraft:chest":8,"minecraft:shield":1,"minecraft:iron_sword":20,"minecraft:cooked_chicken":1,"minecraft:rotten_flesh":9,"minecraft:torch":22,"minecraft:dirt":213,"minecraft:cocoa_beans":4,"minecraft:salmon_bucket":1,"minecraft:spruce_boat":2,"minecraft:jungle_sapling":2,"minecraft:lava_bucket":1,"minecraft:jungle_log":4,"minecraft:bamboo":23,"minecraft:oak_sapling":32,"minecraft:furnace":2,"minecraft:acacia_planks":15,"minecraft:orange_terracotta":1,"minecraft:water_bucket":19,"minecraft:leather_leggings":1,"minecraft:stone_pickaxe":213,"minecraft:spruce_chest_boat":2,"minecraft:wooden_pickaxe":17,"minecraft:sandstone":8,"minecraft:cut_sandstone":8,"minecraft:salmon":1,"minecraft:mossy_cobblestone":10,"minecraft:sand":3,"minecraft:crafting_table":5,"minecraft:white_bed":2,"minecraft:apple":4,"minecraft:melon_slice":21,"minecraft:iron_pickaxe":251,"minecraft:suspicious_stew":2,"minecraft:stone_axe":116,"minecraft:cobblestone":15,"minecraft:bucket":23,"minecraft:oak_boat":1,"minecraft:sea_pickle":2,"minecraft:coarse_dirt":5,"minecraft:experience_bottle":1},"minecraft:crafted":{"minecraft:oak_planks":60,"minecraft:stone_shovel":7,"minecraft:cooked_chicken":1,"minecraft:furnace":2,"minecraft:melon_seeds":31,"minecraft:stone_pickaxe":3,"minecraft:chest":9,"minecraft:spruce_boat":1,"minecraft:crafting_table":2,"minecraft:spruce_planks":8,"minecraft:wooden_pickaxe":1,"minecraft:iron_sword":1,"minecraft:spruce_chest_boat":1,"minecraft:bucket":2,"minecraft:stone_axe":2,"minecraft:air":0,"minecraft:jungle_planks":6,"minecraft:oak_boat":1,"minecraft:white_wool":3,"minecraft:stick":36,"minecraft:iron_ingot":29,"minecraft:iron_pickaxe":1,"minecraft:stone_sword":1,"minecraft:gold_ingot":18,"minecraft:white_bed":1,"minecraft:acacia_planks":52,"minecraft:torch":12},"minecraft:broken":{"minecraft:stone_pickaxe":1,"minecraft:iron_pickaxe":1,"minecraft:stone_shovel":5},"minecraft:custom":{"minecraft:mob_kills":16,"minecraft:interact_with_crafting_table":33,"minecraft:leave_game":18,"minecraft:time_since_death":162683,"minecraft:climb_one_cm":2678,"minecraft:sprint_one_cm":255493,"minecraft:walk_one_cm":568768,"minecraft:damage_blocked_by_shield":110,"minecraft:drop":31,"minecraft:play_time":259920,"minecraft:deaths":2,"minecraft:sneak_time":4600,"minecraft:walk_under_water_one_cm":90145,"minecraft:boat_one_cm":2912089,"minecraft:jump":2455,"minecraft:walk_on_water_one_cm":74071,"minecraft:total_world_time":259920,"minecraft:interact_with_furnace":20,"minecraft:sleep_in_bed":2,"minecraft:time_since_rest":71958,"minecraft:damage_taken":1402,"minecraft:damage_dealt":2215,"minecraft:swim_one_cm":365773,"minecraft:fly_one_cm":282207,"minecraft:open_chest":87,"minecraft:crouch_one_cm":11017,"minecraft:fall_one_cm":51502},"minecraft:killed":{"minecraft:spider":1,"minecraft:skeleton":1,"minecraft:chicken":2,"minecraft:drowned":5,"minecraft:pig":3,"minecraft:creeper":1,"minecraft:sheep":2,"minecraft:zombie":1},"minecraft:mined":{"minecraft:stone_pressure_plate":1,"minecraft:spruce_planks":3,"minecraft:white_bed":1,"minecraft:oak_sapling":9,"minecraft:mossy_cobblestone":31,"minecraft:mossy_stone_brick_slab":1,"minecraft:jungle_leaves":35,"minecraft:acacia_log":13,"minecraft:grass_block":357,"minecraft:jungle_log":6,"minecraft:sandstone":8,"minecraft:chiseled_stone_bricks":3,"minecraft:furnace":1,"minecraft:iron_ore":33,"minecraft:sticky_piston":3,"minecraft:suspicious_sand":1,"minecraft:gold_block":3,"minecraft:vine":4,"minecraft:bamboo_sapling":4,"minecraft:bamboo":2,"minecraft:stone":176,"minecraft:cut_sandstone":8,"minecraft:acacia_leaves":3,"minecraft:kelp_plant":1,"minecraft:orange_terracotta":2,"minecraft:crafting_table":4,"minecraft:torch":3,"minecraft:melon":26,"minecraft:chest":1,"minecraft:tall_grass":2,"minecraft:cobblestone":26,"minecraft:oak_planks":8,"minecraft:white_terracotta":142,"minecraft:repeater":1,"minecraft:cactus":7,"minecraft:coarse_dirt":5,"minecraft:sea_pickle":6,"minecraft:spruce_log":2,"minecraft:tnt":9,"minecraft:grass":73,"minecraft:oak_log":125,"minecraft:coal_ore":41,"minecraft:cocoa":7,"minecraft:sand":18,"minecraft:dirt":427,"minecraft:dispenser":1,"minecraft:oak_leaves":38,"minecraft:fern":5},"minecraft:dropped":{"minecraft:iron_ingot":4,"minecraft:wheat_seeds":2,"minecraft:stick":2,"minecraft:emerald":7,"minecraft:ink_sac":1,"minecraft:cooked_cod":6,"minecraft:heart_of_the_sea":1,"minecraft:sand":3,"minecraft:gold_ingot":1,"minecraft:kelp":3,"minecraft:bowl":2,"minecraft:rotten_flesh":4,"minecraft:filled_map":7,"minecraft:orange_terracotta":1,"minecraft:oak_sapling":1,"minecraft:azalea":1,"minecraft:stone_pressure_plate":1,"minecraft:wooden_pickaxe":1}},"DataVersion":3465}