{"stats":{"minecraft:killed":{"minecraft:pig":3,"minecraft:skeleton":1,"minecraft:sheep":2,"minecraft:zombie":1,"minecraft:chicken":2,"minecraft:drowned":2},"minecraft:mined":{"minecraft:acacia_leaves":3,"minecraft:spruce_planks":1,"minecraft:oak_sapling":8,"minecraft:crafting_table":1,"minecraft:torch":3,"minecraft:acacia_log":13,"minecraft:grass_block":352,"minecraft:coarse_dirt":5,"minecraft:iron_ore":19,"minecraft:spruce_log":1,"minecraft:grass":20,"minecraft:oak_log":69,"minecraft:coal_ore":41,"minecraft:dirt":426,"minecraft:sand":6,"minecraft:stone":170,"minecraft:oak_leaves":28},"minecraft:dropped":{"minecraft:iron_ingot":4,"minecraft:rotten_flesh":1,"minecraft:stick":1,"minecraft:emerald":7,"minecraft:filled_map":1,"minecraft:cooked_cod":6,"minecraft:heart_of_the_sea":1,"minecraft:sand":3,"minecraft:wooden_pickaxe":1,"minecraft:gold_ingot":1},"minecraft:crafted":{"minecraft:oak_planks":32,"minecraft:stone_shovel":7,"minecraft:crafting_table":1,"minecraft:spruce_planks":4,"minecraft:wooden_pickaxe":1,"minecraft:cooked_chicken":1,"minecraft:furnace":1,"minecraft:bucket":1,"minecraft:stone_axe":2,"minecraft:air":0,"minecraft:oak_boat":1,"minecraft:stick":32,"minecraft:iron_ingot":6,"minecraft:stone_pickaxe":3,"minecraft:stone_sword":1,"minecraft:chest":4,"minecraft:spruce_boat":1,"minecraft:acacia_planks":52,"minecraft:torch":12},"minecraft:picked_up":{"minecraft:coarse_dirt":5,"minecraft:crafting_table":1,"minecraft:feather":10,"minecraft:chicken":2,"minecraft:wooden_pickaxe":1,"minecraft:filled_map":2,"minecraft:oak_log":69,"minecraft:shield":1,"minecraft:paper":6,"minecraft:dirt":777,"minecraft:bone":1,"minecraft:apple":4,"minecraft:kelp":11,"minecraft:wheat_seeds":4,"minecraft:spruce_planks":1,"minecraft:chest":1,"minecraft:acacia_sapling":7,"minecraft:stick":18,"minecraft:raw_iron":19,"minecraft:torch":10,"minecraft:acacia_log":13,"minecraft:porkchop":5,"minecraft:sand":9,"minecraft:spruce_log":1,"minecraft:arrow":1,"minecraft:rotten_flesh":4,"minecraft:oak_sapling":30,"minecraft:mutton":3,"minecraft:coal":51,"minecraft:white_wool":2,"minecraft:cobblestone":168},"minecraft:broken":{"minecraft:stone_pickaxe":1,"minecraft:stone_shovel":5},"minecraft:used":{"minecraft:water_bucket":6,"minecraft:stone_sword":31,"minecraft:stone_pickaxe":213,"minecraft:stone_shovel":709,"minecraft:wooden_pickaxe":17,"minecraft:chest":5,"minecraft:shield":1,"minecraft:cooked_chicken":1,"minecraft:rotten_flesh":3,"minecraft:torch":22,"minecraft:sand":3,"minecraft:dirt":207,"minecraft:crafting_table":2,"minecraft:spruce_boat":1,"minecraft:apple":3,"minecraft:stone_axe":59,"minecraft:furnace":1,"minecraft:oak_sapling":24,"minecraft:bucket":7,"minecraft:oak_boat":1,"minecraft:coarse_dirt":5,"minecraft:acacia_planks":15},"minecraft:custom":{"minecraft:interact_with_furnace":12,"minecraft:mob_kills":11,"minecraft:interact_with_crafting_table":22,"minecraft:leave_game":6,"minecraft:time_since_death":2200,"minecraft:climb_one_cm":76,"minecraft:time_since_rest":2248,"minecraft:sprint_one_cm":124460,"minecraft:damage_taken":950,"minecraft:walk_one_cm":294020,"minecraft:damage_blocked_by_shield":110,"minecraft:drop":12,"minecraft:damage_dealt":1196,"minecraft:swim_one_cm":200162,"minecraft:fly_one_cm":136724,"minecraft:open_chest":33,"minecraft:crouch_one_cm":7122,"minecraft:play_time":99437,"minecraft:deaths":2,"minecraft:sneak_time":2181,"minecraft:walk_under_water_one_cm":17340,"minecraft:boat_one_cm":237933,"minecraft:jump":1185,"minecraft:walk_on_water_one_cm":20109,"minecraft:total_world_time":99437,"minecraft:fall_one_cm":30616}},"DataVersion":3465}