{"stats":{"minecraft:broken":{"minecraft:stone_pickaxe":1,"minecraft:stone_shovel":5},"minecraft:custom":{"minecraft:mob_kills":11,"minecraft:interact_with_crafting_table":33,"minecraft:leave_game":14,"minecraft:time_since_death":99858,"minecraft:climb_one_cm":2435,"minecraft:sprint_one_cm":213112,"minecraft:walk_one_cm":523350,"minecraft:damage_blocked_by_shield":110,"minecraft:drop":21,"minecraft:play_time":197095,"minecraft:deaths":2,"minecraft:sneak_time":3818,"minecraft:walk_under_water_one_cm":47746,"minecraft:boat_one_cm":1564108,"minecraft:jump":2057,"minecraft:walk_on_water_one_cm":48558,"minecraft:total_world_time":197095,"minecraft:interact_with_furnace":20,"minecraft:sleep_in_bed":2,"minecraft:time_since_rest":9133,"minecraft:damage_taken":1150,"minecraft:damage_dealt":1196,"minecraft:swim_one_cm":253126,"minecraft:fly_one_cm":210955,"minecraft:open_chest":68,"minecraft:crouch_one_cm":11017,"minecraft:fall_one_cm":40630},"minecraft:crafted":{"minecraft:oak_planks":60,"minecraft:stone_shovel":7,"minecraft:cooked_chicken":1,"minecraft:furnace":2,"minecraft:melon_seeds":31,"minecraft:stone_pickaxe":3,"minecraft:chest":9,"minecraft:spruce_boat":1,"minecraft:crafting_table":2,"minecraft:spruce_planks":8,"minecraft:wooden_pickaxe":1,"minecraft:iron_sword":1,"minecraft:spruce_chest_boat":1,"minecraft:bucket":2,"minecraft:stone_axe":2,"minecraft:air":0,"minecraft:jungle_planks":6,"minecraft:oak_boat":1,"minecraft:white_wool":3,"minecraft:stick":36,"minecraft:iron_ingot":29,"minecraft:iron_pickaxe":1,"minecraft:stone_sword":1,"minecraft:gold_ingot":18,"minecraft:white_bed":1,"minecraft:acacia_planks":52,"minecraft:torch":12},"minecraft:mined":{"minecraft:stone_pressure_plate":1,"minecraft:spruce_planks":3,"minecraft:white_bed":1,"minecraft:oak_sapling":9,"minecraft:mossy_cobblestone":31,"minecraft:mossy_stone_brick_slab":1,"minecraft:jungle_leaves":35,"minecraft:acacia_log":13,"minecraft:grass_block":357,"minecraft:jungle_log":6,"minecraft:sandstone":8,"minecraft:chiseled_stone_bricks":3,"minecraft:furnace":1,"minecraft:iron_ore":28,"minecraft:sticky_piston":3,"minecraft:gold_block":2,"minecraft:vine":4,"minecraft:bamboo_sapling":4,"minecraft:bamboo":2,"minecraft:stone":172,"minecraft:cut_sandstone":8,"minecraft:acacia_leaves":3,"minecraft:orange_terracotta":2,"minecraft:crafting_table":4,"minecraft:torch":3,"minecraft:melon":20,"minecraft:chest":1,"minecraft:tall_grass":2,"minecraft:cobblestone":26,"minecraft:oak_planks":8,"minecraft:repeater":1,"minecraft:coarse_dirt":5,"minecraft:sea_pickle":6,"minecraft:spruce_log":2,"minecraft:tnt":9,"minecraft:grass":73,"minecraft:oak_log":125,"minecraft:coal_ore":41,"minecraft:cocoa":7,"minecraft:sand":6,"minecraft:dirt":427,"minecraft:dispenser":1,"minecraft:oak_leaves":38,"minecraft:fern":5},"minecraft:killed":{"minecraft:skeleton":1,"minecraft:chicken":2,"minecraft:drowned":2,"minecraft:pig":3,"minecraft:sheep":2,"minecraft:zombie":1},"minecraft:used":{"minecraft:stone_sword":31,"minecraft:stone_shovel":709,"minecraft:chest":8,"minecraft:shield":1,"minecraft:cooked_chicken":1,"minecraft:rotten_flesh":9,"minecraft:torch":22,"minecraft:dirt":213,"minecraft:cocoa_beans":4,"minecraft:salmon_bucket":1,"minecraft:spruce_boat":2,"minecraft:jungle_sapling":2,"minecraft:jungle_log":4,"minecraft:bamboo":23,"minecraft:furnace":2,"minecraft:oak_sapling":32,"minecraft:acacia_planks":15,"minecraft:orange_terracotta":1,"minecraft:water_bucket":16,"minecraft:stone_pickaxe":213,"minecraft:spruce_chest_boat":1,"minecraft:wooden_pickaxe":17,"minecraft:sandstone":8,"minecraft:cut_sandstone":8,"minecraft:salmon":1,"minecraft:mossy_cobblestone":10,"minecraft:sand":3,"minecraft:crafting_table":5,"minecraft:white_bed":2,"minecraft:apple":4,"minecraft:melon_slice":15,"minecraft:iron_pickaxe":99,"minecraft:stone_axe":110,"minecraft:cobblestone":11,"minecraft:bucket":19,"minecraft:oak_boat":1,"minecraft:sea_pickle":2,"minecraft:coarse_dirt":5,"minecraft:experience_bottle":1},"minecraft:dropped":{"minecraft:iron_ingot":4,"minecraft:stick":2,"minecraft:emerald":7,"minecraft:ink_sac":1,"minecraft:cooked_cod":6,"minecraft:heart_of_the_sea":1,"minecraft:sand":3,"minecraft:gold_ingot":1,"minecraft:rotten_flesh":1,"minecraft:filled_map":4,"minecraft:orange_terracotta":1,"minecraft:oak_sapling":1,"minecraft:azalea":1,"minecraft:stone_pressure_plate":1,"minecraft:wooden_pickaxe":1},"minecraft:picked_up":{"minecraft:cocoa_beans":17,"minecraft:crafting_table":4,"minecraft:coarse_dirt":5,"minecraft:chicken":2,"minecraft:wooden_pickaxe":1,"minecraft:gold_block":2,"minecraft:shield":1,"minecraft:sticky_piston":3,"minecraft:sea_pickle":18,"minecraft:spruce_planks":3,"minecraft:jungle_sapling":2,"minecraft:azalea":1,"minecraft:melon_slice":101,"minecraft:chest":2,"minecraft:furnace":1,"minecraft:stick":35,"minecraft:raw_iron":29,"minecraft:sandstone":8,"minecraft:torch":10,"minecraft:acacia_log":13,"minecraft:porkchop":5,"minecraft:redstone":2,"minecraft:stone_pressure_plate":1,"minecraft:tnt":9,"minecraft:rotten_flesh":10,"minecraft:arrow":7,"minecraft:mutton":3,"minecraft:white_wool":2,"minecraft:cobblestone":196,"minecraft:feather":10,"minecraft:repeater":1,"minecraft:salmon":1,"minecraft:jungle_log":6,"minecraft:cut_sandstone":8,"minecraft:filled_map":3,"minecraft:oak_log":125,"minecraft:paper":6,"minecraft:dirt":783,"minecraft:orange_terracotta":2,"minecraft:bone":2,"minecraft:apple":5,"minecraft:kelp":11,"minecraft:wheat_seeds":12,"minecraft:bamboo":17,"minecraft:oak_planks":8,"minecraft:acacia_sapling":7,"minecraft:chiseled_stone_bricks":3,"minecraft:sand":9,"minecraft:ink_sac":1,"minecraft:white_bed":1,"minecraft:spruce_log":2,"minecraft:mossy_cobblestone":31,"minecraft:dispenser":1,"minecraft:spruce_boat":2,"minecraft:lever":3,"minecraft:oak_sapling":53,"minecraft:coal":51}},"DataVersion":3465}