{"stats":{"minecraft:picked_up":{"minecraft:cocoa_beans":17,"minecraft:crafting_table":5,"minecraft:coarse_dirt":5,"minecraft:wheat":6,"minecraft:suspicious_stew":1,"minecraft:chicken":2,"minecraft:leather_leggings":1,"minecraft:wooden_pickaxe":1,"minecraft:gold_block":2,"minecraft:golden_sword":1,"minecraft:shield":1,"minecraft:spruce_chest_boat":3,"minecraft:sticky_piston":3,"minecraft:sea_pickle":18,"minecraft:gold_nugget":8,"minecraft:spruce_planks":3,"minecraft:jungle_sapling":2,"minecraft:azalea":1,"minecraft:iron_nugget":53,"minecraft:melon_slice":130,"minecraft:chest":2,"minecraft:furnace":1,"minecraft:stick":40,"minecraft:raw_iron":39,"minecraft:sandstone":8,"minecraft:copper_ingot":2,"minecraft:bowl":1,"minecraft:torch":10,"minecraft:acacia_log":13,"minecraft:porkchop":5,"minecraft:redstone":2,"minecraft:prismarine_crystals":1,"minecraft:stone_pressure_plate":1,"minecraft:tnt":9,"minecraft:rotten_flesh":17,"minecraft:arrow":7,"minecraft:cactus":22,"minecraft:gold_ingot":3,"minecraft:white_terracotta":545,"minecraft:mutton":3,"minecraft:white_wool":2,"minecraft:cobblestone":200,"minecraft:feather":10,"minecraft:repeater":1,"minecraft:salmon":3,"minecraft:jungle_log":6,"minecraft:cut_sandstone":8,"minecraft:potato":5,"minecraft:filled_map":3,"minecraft:flint":5,"minecraft:oak_log":126,"minecraft:gunpowder":8,"minecraft:lapis_lazuli":3,"minecraft:paper":55,"minecraft:dirt":783,"minecraft:orange_terracotta":2,"minecraft:leather_boots":1,"minecraft:coast_armor_trim_smithing_template":4,"minecraft:bone":2,"minecraft:apple":5,"minecraft:kelp":14,"minecraft:wheat_seeds":14,"minecraft:heart_of_the_sea":1,"minecraft:iron_ingot":24,"minecraft:bamboo":17,"minecraft:moss_block":10,"minecraft:flowering_azalea":1,"minecraft:oak_planks":8,"minecraft:acacia_sapling":7,"minecraft:chiseled_stone_bricks":3,"minecraft:sand":17,"minecraft:ink_sac":1,"minecraft:white_bed":1,"minecraft:spruce_log":2,"minecraft:mossy_cobblestone":31,"minecraft:light_gray_terracotta":66,"minecraft:dispenser":1,"minecraft:spruce_boat":2,"minecraft:lever":3,"minecraft:emerald":16,"minecraft:terracotta":26,"minecraft:oak_sapling":53,"minecraft:coal":55},"minecraft:used":{"minecraft:stone_sword":31,"minecraft:stone_shovel":709,"minecraft:chest":8,"minecraft:shield":1,"minecraft:iron_sword":44,"minecraft:cooked_salmon":2,"minecraft:cooked_chicken":1,"minecraft:rotten_flesh":9,"minecraft:torch":22,"minecraft:dirt":213,"minecraft:cocoa_beans":4,"minecraft:salmon_bucket":1,"minecraft:spruce_boat":2,"minecraft:jungle_sapling":2,"minecraft:lava_bucket":1,"minecraft:jungle_log":4,"minecraft:bamboo":23,"minecraft:oak_sapling":32,"minecraft:furnace":2,"minecraft:acacia_planks":15,"minecraft:orange_terracotta":1,"minecraft:water_bucket":19,"minecraft:leather_leggings":1,"minecraft:stone_pickaxe":213,"minecraft:spruce_chest_boat":3,"minecraft:wooden_pickaxe":17,"minecraft:sandstone":8,"minecraft:cut_sandstone":8,"minecraft:salmon":1,"minecraft:mossy_cobblestone":10,"minecraft:sand":3,"minecraft:crafting_table":6,"minecraft:light_gray_terracotta":2,"minecraft:white_bed":2,"minecraft:apple":4,"minecraft:melon_slice":21,"minecraft:iron_pickaxe":752,"minecraft:suspicious_stew":3,"minecraft:stone_axe":117,"minecraft:cobblestone":15,"minecraft:bucket":23,"minecraft:oak_boat":1,"minecraft:sea_pickle":2,"minecraft:coarse_dirt":5,"minecraft:experience_bottle":1},"minecraft:crafted":{"minecraft:oak_planks":64,"minecraft:stone_shovel":7,"minecraft:cooked_chicken":1,"minecraft:furnace":2,"minecraft:melon_seeds":31,"minecraft:stone_pickaxe":3,"minecraft:chest":9,"minecraft:spruce_boat":1,"minecraft:crafting_table":3,"minecraft:spruce_planks":8,"minecraft:wooden_pickaxe":1,"minecraft:iron_sword":1,"minecraft:spruce_chest_boat":1,"minecraft:bucket":2,"minecraft:stone_axe":2,"minecraft:air":0,"minecraft:jungle_planks":6,"minecraft:oak_boat":1,"minecraft:white_wool":3,"minecraft:stick":36,"minecraft:iron_ingot":29,"minecraft:iron_pickaxe":3,"minecraft:stone_sword":1,"minecraft:gold_ingot":18,"minecraft:white_bed":1,"minecraft:acacia_planks":52,"minecraft:torch":12},"minecraft:broken":{"minecraft:stone_pickaxe":1,"minecraft:iron_pickaxe":3,"minecraft:stone_shovel":5},"minecraft:custom":{"minecraft:mob_kills":22,"minecraft:interact_with_crafting_table":34,"minecraft:leave_game":18,"minecraft:time_since_death":192683,"minecraft:climb_one_cm":2678,"minecraft:sprint_one_cm":272133,"minecraft:walk_one_cm":633643,"minecraft:damage_blocked_by_shield":110,"minecraft:drop":56,"minecraft:play_time":289920,"minecraft:deaths":2,"minecraft:sneak_time":4717,"minecraft:walk_under_water_one_cm":97766,"minecraft:boat_one_cm":3390408,"minecraft:jump":2655,"minecraft:walk_on_water_one_cm":85972,"minecraft:total_world_time":289920,"minecraft:interact_with_furnace":20,"minecraft:sleep_in_bed":2,"minecraft:time_since_rest":101958,"minecraft:damage_taken":1552,"minecraft:damage_dealt":3356,"minecraft:swim_one_cm":371423,"minecraft:fly_one_cm":288142,"minecraft:open_chest":87,"minecraft:crouch_one_cm":11468,"minecraft:fall_one_cm":54507},"minecraft:killed":{"minecraft:spider":1,"minecraft:skeleton":1,"minecraft:chicken":2,"minecraft:drowned":10,"minecraft:pig":3,"minecraft:creeper":1,"minecraft:sheep":2,"minecraft:zombie":2},"minecraft:mined":{"minecraft:stone_pressure_plate":1,"minecraft:spruce_planks":3,"minecraft:white_bed":1,"minecraft:oak_sapling":9,"minecraft:mossy_cobblestone":31,"minecraft:mossy_stone_brick_slab":1,"minecraft:jungle_leaves":35,"minecraft:acacia_log":13,"minecraft:grass_block":357,"minecraft:jungle_log":6,"minecraft:sandstone":8,"minecraft:chiseled_stone_bricks":3,"minecraft:tall_seagrass":1,"minecraft:furnace":1,"minecraft:iron_ore":33,"minecraft:sticky_piston":3,"minecraft:suspicious_sand":1,"minecraft:gold_block":3,"minecraft:vine":4,"minecraft:bamboo_sapling":4,"minecraft:bamboo":2,"minecraft:stone":176,"minecraft:cut_sandstone":8,"minecraft:acacia_leaves":3,"minecraft:kelp_plant":1,"minecraft:orange_terracotta":2,"minecraft:crafting_table":5,"minecraft:torch":3,"minecraft:light_gray_terracotta":69,"minecraft:melon":26,"minecraft:chest":1,"minecraft:dead_bush":1,"minecraft:tall_grass":2,"minecraft:cobblestone":26,"minecraft:oak_planks":8,"minecraft:white_terracotta":547,"minecraft:repeater":1,"minecraft:cactus":7,"minecraft:coarse_dirt":5,"minecraft:sea_pickle":6,"minecraft:spruce_log":2,"minecraft:tnt":9,"minecraft:grass":73,"minecraft:oak_log":126,"minecraft:coal_ore":41,"minecraft:cocoa":7,"minecraft:sand":18,"minecraft:dirt":427,"minecraft:terracotta":26,"minecraft:dispenser":1,"minecraft:oak_leaves":38,"minecraft:fern":5},"minecraft:dropped":{"minecraft:iron_ingot":4,"minecraft:wheat_seeds":2,"minecraft:golden_helmet":1,"minecraft:stick":2,"minecraft:emerald":7,"minecraft:ink_sac":1,"minecraft:cooked_cod":6,"minecraft:heart_of_the_sea":1,"minecraft:sand":3,"minecraft:paper":13,"minecraft:gold_ingot":1,"minecraft:kelp":3,"minecraft:bowl":4,"minecraft:rotten_flesh":8,"minecraft:salmon":2,"minecraft:filled_map":7,"minecraft:orange_terracotta":1,"minecraft:leather_boots":1,"minecraft:oak_sapling":1,"minecraft:azalea":1,"minecraft:leather_leggings":1,"minecraft:stone_pressure_plate":1,"minecraft:wooden_pickaxe":1,"minecraft:spruce_chest_boat":1}},"DataVersion":3465}