{"stats":{"minecraft:killed":{"minecraft:pig":3,"minecraft:skeleton":1,"minecraft:sheep":2,"minecraft:chicken":2,"minecraft:drowned":2},"minecraft:mined":{"minecraft:acacia_leaves":3,"minecraft:oak_sapling":4,"minecraft:crafting_table":1,"minecraft:torch":3,"minecraft:acacia_log":13,"minecraft:grass_block":327,"minecraft:coarse_dirt":2,"minecraft:iron_ore":6,"minecraft:grass":20,"minecraft:oak_log":36,"minecraft:coal_ore":41,"minecraft:dirt":406,"minecraft:sand":6,"minecraft:stone":166,"minecraft:oak_leaves":2},"minecraft:dropped":{"minecraft:iron_ingot":4,"minecraft:rotten_flesh":1,"minecraft:stick":1,"minecraft:emerald":7,"minecraft:filled_map":1,"minecraft:cooked_cod":6,"minecraft:heart_of_the_sea":1,"minecraft:sand":3,"minecraft:wooden_pickaxe":1,"minecraft:gold_ingot":1},"minecraft:crafted":{"minecraft:oak_planks":32,"minecraft:stone_shovel":7,"minecraft:crafting_table":1,"minecraft:wooden_pickaxe":1,"minecraft:cooked_chicken":1,"minecraft:furnace":1,"minecraft:bucket":1,"minecraft:stone_axe":1,"minecraft:air":0,"minecraft:oak_boat":1,"minecraft:stick":32,"minecraft:iron_ingot":6,"minecraft:stone_pickaxe":2,"minecraft:stone_sword":1,"minecraft:chest":4,"minecraft:acacia_planks":52,"minecraft:torch":12},"minecraft:picked_up":{"minecraft:coarse_dirt":2,"minecraft:crafting_table":1,"minecraft:feather":10,"minecraft:chicken":2,"minecraft:wooden_pickaxe":1,"minecraft:filled_map":2,"minecraft:oak_log":36,"minecraft:shield":1,"minecraft:paper":6,"minecraft:dirt":733,"minecraft:bone":1,"minecraft:apple":2,"minecraft:kelp":7,"minecraft:wheat_seeds":4,"minecraft:chest":1,"minecraft:acacia_sapling":7,"minecraft:stick":9,"minecraft:raw_iron":6,"minecraft:torch":10,"minecraft:acacia_log":13,"minecraft:porkchop":5,"minecraft:sand":9,"minecraft:arrow":1,"minecraft:rotten_flesh":2,"minecraft:oak_sapling":8,"minecraft:mutton":3,"minecraft:coal":51,"minecraft:white_wool":2,"minecraft:cobblestone":165},"minecraft:broken":{"minecraft:stone_pickaxe":1,"minecraft:stone_shovel":5},"minecraft:used":{"minecraft:water_bucket":6,"minecraft:stone_sword":31,"minecraft:stone_pickaxe":196,"minecraft:stone_shovel":709,"minecraft:wooden_pickaxe":17,"minecraft:chest":5,"minecraft:shield":1,"minecraft:cooked_chicken":1,"minecraft:rotten_flesh":1,"minecraft:torch":22,"minecraft:sand":3,"minecraft:dirt":168,"minecraft:crafting_table":2,"minecraft:stone_axe":30,"minecraft:furnace":1,"minecraft:oak_sapling":8,"minecraft:bucket":7,"minecraft:oak_boat":1,"minecraft:coarse_dirt":2,"minecraft:acacia_planks":15},"minecraft:custom":{"minecraft:interact_with_furnace":10,"minecraft:mob_kills":10,"minecraft:interact_with_crafting_table":18,"minecraft:leave_game":3,"minecraft:time_since_death":2492,"minecraft:time_since_rest":2540,"minecraft:sprint_one_cm":72608,"minecraft:damage_taken":200,"minecraft:walk_one_cm":179148,"minecraft:damage_blocked_by_shield":110,"minecraft:drop":12,"minecraft:damage_dealt":1158,"minecraft:swim_one_cm":41047,"minecraft:fly_one_cm":89823,"minecraft:open_chest":18,"minecraft:crouch_one_cm":1200,"minecraft:play_time":60842,"minecraft:deaths":1,"minecraft:sneak_time":656,"minecraft:walk_under_water_one_cm":14334,"minecraft:boat_one_cm":212373,"minecraft:jump":694,"minecraft:walk_on_water_one_cm":13824,"minecraft:total_world_time":60842,"minecraft:fall_one_cm":15792}},"DataVersion":3465}