{"stats":{"minecraft:killed":{"minecraft:pig":10,"minecraft:spider":2,"minecraft:zombie":3,"minecraft:chicken":3,"minecraft:cow":11},"minecraft:mined":{"minecraft:acacia_leaves":2,"minecraft:dandelion":3,"minecraft:crafting_table":3,"minecraft:acacia_log":22,"minecraft:grass_block":3,"minecraft:poppy":3,"minecraft:chest":3,"minecraft:sugar_cane":4,"minecraft:sandstone":1,"minecraft:furnace":3,"minecraft:iron_ore":2,"minecraft:pumpkin":1,"minecraft:grass":41,"minecraft:oak_log":11,"minecraft:coal_ore":45,"minecraft:dirt":6,"minecraft:sand":46,"minecraft:stone":53},"minecraft:dropped":{"minecraft:iron_ingot":2,"minecraft:coal":10,"minecraft:filled_map":1,"minecraft:poppy":2,"minecraft:spider_eye":1,"minecraft:egg":1},"minecraft:picked_up":{"minecraft:mud":20,"minecraft:crafting_table":4,"minecraft:feather":2,"minecraft:chicken":1,"minecraft:leather":15,"minecraft:wooden_pickaxe":1,"minecraft:filled_map":1,"minecraft:oak_log":11,"minecraft:shield":2,"minecraft:acacia_boat":1,"minecraft:dirt":21,"minecraft:string":5,"minecraft:bone":1,"minecraft:acacia_planks":9,"minecraft:apple":1,"minecraft:bow":1,"minecraft:wheat_seeds":7,"minecraft:heart_of_the_sea":1,"minecraft:iron_ingot":2,"minecraft:beef":11,"minecraft:stone_pickaxe":1,"minecraft:iron_nugget":3,"minecraft:poppy":2,"minecraft:iron_pickaxe":1,"minecraft:chest":3,"minecraft:sugar_cane":15,"minecraft:acacia_sapling":4,"minecraft:egg":2,"minecraft:furnace":3,"minecraft:stick":6,"minecraft:raw_iron":2,"minecraft:sandstone":10,"minecraft:acacia_log":19,"minecraft:torch":14,"minecraft:dandelion":3,"minecraft:porkchop":19,"minecraft:sand":189,"minecraft:spider_eye":1,"minecraft:rotten_flesh":11,"minecraft:cooked_cod":1,"minecraft:stone_axe":1,"minecraft:emerald":5,"minecraft:gold_ingot":3,"minecraft:oak_sapling":5,"minecraft:coal":103,"minecraft:cobblestone":92},"minecraft:crafted":{"minecraft:cooked_beef":4,"minecraft:stone_shovel":1,"minecraft:cooked_porkchop":12,"minecraft:crafting_table":1,"minecraft:wooden_pickaxe":1,"minecraft:cooked_chicken":2,"minecraft:furnace":2,"minecraft:stone_axe":1,"minecraft:acacia_boat":1,"minecraft:air":0,"minecraft:stick":8,"minecraft:iron_ingot":2,"minecraft:stone_pickaxe":1,"minecraft:stone_sword":1,"minecraft:acacia_planks":76,"minecraft:torch":12},"minecraft:used":{"minecraft:acacia_boat":1,"minecraft:stone_sword":98,"minecraft:stone_pickaxe":83,"minecraft:stone_shovel":46,"minecraft:wooden_pickaxe":22,"minecraft:chest":2,"minecraft:shield":2,"minecraft:dirt":1,"minecraft:crafting_table":3,"minecraft:stone_axe":20,"minecraft:cobblestone":12,"minecraft:furnace":3,"minecraft:cooked_cod":2,"minecraft:cooked_porkchop":4,"minecraft:cooked_beef":1},"minecraft:custom":{"minecraft:interact_with_furnace":22,"minecraft:mob_kills":29,"minecraft:interact_with_crafting_table":8,"minecraft:leave_game":5,"minecraft:time_since_death":51161,"minecraft:time_since_rest":51161,"minecraft:sprint_one_cm":124568,"minecraft:damage_taken":345,"minecraft:walk_one_cm":87803,"minecraft:damage_blocked_by_shield":160,"minecraft:drop":6,"minecraft:damage_dealt":3539,"minecraft:swim_one_cm":35020,"minecraft:fly_one_cm":129632,"minecraft:open_chest":12,"minecraft:crouch_one_cm":11807,"minecraft:play_time":51161,"minecraft:sneak_time":3684,"minecraft:walk_under_water_one_cm":3243,"minecraft:boat_one_cm":286578,"minecraft:jump":700,"minecraft:walk_on_water_one_cm":8042,"minecraft:total_world_time":51161,"minecraft:fall_one_cm":16627}},"DataVersion":3465}