{"stats":{"minecraft:killed_by":{"minecraft:player":1,"minecraft:skeleton":1},"minecraft:custom":{"minecraft:mob_kills":204,"minecraft:interact_with_crafting_table":57,"minecraft:bell_ring":1,"minecraft:leave_game":16,"minecraft:time_since_death":17160,"minecraft:climb_one_cm":7473,"minecraft:sprint_one_cm":1599490,"minecraft:walk_one_cm":889599,"minecraft:damage_blocked_by_shield":3745,"minecraft:drop":82,"minecraft:play_time":449926,"minecraft:sneak_time":41407,"minecraft:deaths":4,"minecraft:walk_under_water_one_cm":88553,"minecraft:boat_one_cm":692934,"minecraft:jump":8743,"minecraft:enchant_item":1,"minecraft:interact_with_blast_furnace":4,"minecraft:walk_on_water_one_cm":125749,"minecraft:total_world_time":449926,"minecraft:interact_with_furnace":192,"minecraft:interact_with_grindstone":1,"minecraft:sleep_in_bed":24,"minecraft:time_since_rest":11690,"minecraft:damage_taken":9525,"minecraft:damage_dealt":34920,"minecraft:swim_one_cm":280799,"minecraft:fly_one_cm":1388798,"minecraft:open_chest":146,"minecraft:crouch_one_cm":125015,"minecraft:interact_with_smoker":32,"minecraft:fall_one_cm":233028},"minecraft:used":{"minecraft:stone_sword":197,"minecraft:iron_shovel":8,"minecraft:stone_shovel":83,"minecraft:chest":6,"minecraft:shield":131,"minecraft:iron_sword":475,"minecraft:stone_hoe":23,"minecraft:torch":391,"minecraft:dirt":158,"minecraft:spyglass":12,"minecraft:axolotl_bucket":2,"minecraft:granite":1,"minecraft:iron_hoe":21,"minecraft:lava_bucket":4,"minecraft:iron_axe":171,"minecraft:iron_boots":1,"minecraft:smooth_basalt":1,"minecraft:bamboo":14,"minecraft:sweet_berries":3,"minecraft:furnace":16,"minecraft:cooked_cod":2,"minecraft:acacia_fence":12,"minecraft:potato":111,"minecraft:cooked_beef":28,"minecraft:cobbled_deepslate":30,"minecraft:powder_snow_bucket":5,"minecraft:diorite":1,"minecraft:cooked_mutton":2,"minecraft:water_bucket":74,"minecraft:acacia_boat":16,"minecraft:baked_potato":78,"minecraft:oak_planks":42,"minecraft:stone_pickaxe":197,"minecraft:wooden_pickaxe":22,"minecraft:jungle_boat":2,"minecraft:sand":3,"minecraft:blast_furnace":2,"minecraft:crafting_table":11,"minecraft:white_bed":15,"minecraft:spruce_log":2,"minecraft:smoker":1,"minecraft:oak_log":4,"minecraft:melon_slice":46,"minecraft:iron_pickaxe":905,"minecraft:spruce_sapling":10,"minecraft:gravel":2,"minecraft:stone_axe":71,"minecraft:golden_helmet":1,"minecraft:cobblestone":148,"minecraft:cooked_porkchop":19,"minecraft:andesite":3,"minecraft:bucket":90,"minecraft:tropical_fish_bucket":1,"minecraft:coarse_dirt":9,"minecraft:bone_meal":69},"minecraft:mined":{"minecraft:tuff":2,"minecraft:white_bed":14,"minecraft:farmland":9,"minecraft:dark_oak_leaves":6,"minecraft:deepslate_diamond_ore":6,"minecraft:sculk_vein":1,"minecraft:jungle_leaves":6,"minecraft:dark_oak_log":39,"minecraft:granite":2,"minecraft:acacia_log":22,"minecraft:grass_block":10,"minecraft:jungle_log":19,"minecraft:frosted_ice":6,"minecraft:spruce_leaves":30,"minecraft:sandstone":1,"minecraft:redstone_ore":6,"minecraft:furnace":13,"minecraft:iron_ore":174,"minecraft:andesite":7,"minecraft:pumpkin":1,"minecraft:deepslate_lapis_ore":16,"minecraft:sculk_shrieker":5,"minecraft:potatoes":81,"minecraft:deepslate_iron_ore":111,"minecraft:vine":4,"minecraft:bamboo":15,"minecraft:stone":167,"minecraft:deepslate_redstone_ore":9,"minecraft:acacia_leaves":2,"minecraft:kelp_plant":6,"minecraft:amethyst_cluster":9,"minecraft:dandelion":3,"minecraft:clay":1,"minecraft:crafting_table":8,"minecraft:emerald_ore":3,"minecraft:poppy":3,"minecraft:calcite":9,"minecraft:melon":9,"minecraft:chest":3,"minecraft:sculk_sensor":4,"minecraft:copper_ore":6,"minecraft:tall_grass":1,"minecraft:cobblestone":5,"minecraft:deepslate_gold_ore":20,"minecraft:lapis_ore":7,"minecraft:oak_planks":20,"minecraft:sugar_cane":15,"minecraft:wall_torch":1,"minecraft:amethyst_block":14,"minecraft:sculk":11,"minecraft:diorite":7,"minecraft:seagrass":1,"minecraft:gray_wool":2,"minecraft:coarse_dirt":2,"minecraft:birch_log":17,"minecraft:spruce_log":68,"minecraft:birch_leaves":11,"minecraft:grass":121,"minecraft:coal_ore":466,"minecraft:oak_log":15,"minecraft:cocoa":3,"minecraft:acacia_fence":12,"minecraft:gravel":3,"minecraft:sand":47,"minecraft:dripstone_block":2,"minecraft:dirt":29,"minecraft:smooth_basalt":6,"minecraft:oak_leaves":11,"minecraft:deepslate":52,"minecraft:fern":33},"minecraft:dropped":{"minecraft:iron_ingot":4,"minecraft:acacia_boat":2,"minecraft:iron_sword":1,"minecraft:wheat_seeds":10,"minecraft:clock":1,"minecraft:golden_helmet":4,"minecraft:cooked_beef":3,"minecraft:baked_potato":4,"minecraft:crafting_table":2,"minecraft:feather":2,"minecraft:cobblestone":4,"minecraft:coal":11,"minecraft:flint":1,"minecraft:stick":9,"minecraft:dirt":20,"minecraft:torch":7,"minecraft:jungle_sapling":3,"minecraft:amethyst_shard":30,"minecraft:axolotl_bucket":1,"minecraft:sand":33,"minecraft:string":1,"minecraft:birch_log":5,"minecraft:bucket":1,"minecraft:acacia_planks":14,"minecraft:redstone":1,"minecraft:smooth_basalt":4,"minecraft:dandelion":3,"minecraft:bone":10,"minecraft:stone_axe":1,"minecraft:spyglass":1,"minecraft:iron_nugget":3,"minecraft:cooked_chicken":2,"minecraft:stone_sword":2,"minecraft:cobbled_deepslate":21,"minecraft:tuff":2,"minecraft:wheat":7,"minecraft:rotten_flesh":3,"minecraft:oak_planks":15,"minecraft:cooked_mutton":4,"minecraft:white_bed":4,"minecraft:blast_furnace":1,"minecraft:filled_map":1,"minecraft:poppy":2,"minecraft:shield":1,"minecraft:oak_sapling":6,"minecraft:acacia_sapling":4,"minecraft:chest":1,"minecraft:spider_eye":1,"minecraft:sandstone":10,"minecraft:stone_pickaxe":2,"minecraft:egg":1},"minecraft:killed":{"minecraft:spider":11,"minecraft:skeleton":55,"minecraft:chicken":3,"minecraft:pig":10,"minecraft:zombie_villager":1,"minecraft:bat":1,"minecraft:creeper":3,"minecraft:sheep":4,"minecraft:zombie":80,"minecraft:enderman":1,"minecraft:cow":28},"minecraft:picked_up":{"minecraft:iron_chestplate":1,"minecraft:mud":20,"minecraft:cocoa_beans":7,"minecraft:coarse_dirt":9,"minecraft:crafting_table":9,"minecraft:chicken":1,"minecraft:wooden_pickaxe":1,"minecraft:shield":2,"minecraft:amethyst_block":13,"minecraft:string":12,"minecraft:raw_copper":19,"minecraft:iron_axe":1,"minecraft:iron_leggings":1,"minecraft:iron_shovel":1,"minecraft:cobbled_deepslate":92,"minecraft:bucket":1,"minecraft:beef":40,"minecraft:calcite":9,"minecraft:jungle_sapling":3,"minecraft:iron_nugget":3,"minecraft:poppy":2,"minecraft:iron_pickaxe":2,"minecraft:melon_slice":46,"minecraft:sugar_cane":44,"minecraft:chest":3,"minecraft:birch_sapling":4,"minecraft:furnace":13,"minecraft:iron_boots":1,"minecraft:egg":2,"minecraft:golden_helmet":3,"minecraft:dark_oak_sapling":3,"minecraft:raw_iron":292,"minecraft:stick":32,"minecraft:sandstone":10,"minecraft:acacia_fence":12,"minecraft:torch":25,"minecraft:acacia_log":19,"minecraft:porkchop":19,"minecraft:pointed_dripstone":4,"minecraft:diorite":6,"minecraft:redstone":66,"minecraft:stone_sword":1,"minecraft:arrow":71,"minecraft:rotten_flesh":89,"minecraft:cooked_cod":1,"minecraft:saddle":1,"minecraft:gold_ingot":25,"minecraft:mutton":6,"minecraft:white_wool":4,"minecraft:cobblestone":271,"minecraft:birch_log":22,"minecraft:jungle_boat":1,"minecraft:feather":2,"minecraft:cooked_beef":14,"minecraft:jungle_log":17,"minecraft:water_bucket":1,"minecraft:andesite":7,"minecraft:leather":32,"minecraft:potato":312,"minecraft:filled_map":1,"minecraft:flint":1,"minecraft:tuff":2,"minecraft:oak_log":25,"minecraft:gunpowder":2,"minecraft:acacia_boat":14,"minecraft:lapis_lazuli":138,"minecraft:dirt":184,"minecraft:bone":76,"minecraft:acacia_planks":23,"minecraft:apple":1,"minecraft:kelp":55,"minecraft:bow":2,"minecraft:wheat_seeds":21,"minecraft:raw_gold":20,"minecraft:heart_of_the_sea":1,"minecraft:iron_ingot":9,"minecraft:stone_pickaxe":1,"minecraft:bamboo":31,"minecraft:oak_planks":20,"minecraft:iron_sword":1,"minecraft:acacia_sapling":4,"minecraft:smooth_basalt":6,"minecraft:sweet_berries":3,"minecraft:dandelion":3,"minecraft:spyglass":1,"minecraft:axolotl_bucket":1,"minecraft:poisonous_potato":1,"minecraft:dripstone_block":17,"minecraft:gravel":4,"minecraft:sand":193,"minecraft:jungle_planks":25,"minecraft:amethyst_shard":62,"minecraft:spruce_sapling":42,"minecraft:white_bed":18,"minecraft:spruce_log":97,"minecraft:dark_oak_log":39,"minecraft:spider_eye":3,"minecraft:iron_hoe":1,"minecraft:diamond":6,"minecraft:stone_axe":1,"minecraft:iron_helmet":1,"minecraft:granite":1,"minecraft:gray_wool":4,"minecraft:emerald":8,"minecraft:baked_potato":6,"minecraft:oak_sapling":5,"minecraft:coal":812},"minecraft:crafted":{"minecraft:oak_planks":84,"minecraft:stone_shovel":1,"minecraft:spyglass":3,"minecraft:cooked_chicken":2,"minecraft:furnace":5,"minecraft:bone_meal":69,"minecraft:cooked_mutton":6,"minecraft:iron_boots":3,"minecraft:iron_axe":3,"minecraft:iron_hoe":1,"minecraft:stone_pickaxe":2,"minecraft:chest":4,"minecraft:acacia_fence":12,"minecraft:stone_hoe":1,"minecraft:smoker":1,"minecraft:cooked_beef":40,"minecraft:cooked_porkchop":19,"minecraft:crafting_table":5,"minecraft:jungle_boat":1,"minecraft:iron_helmet":3,"minecraft:wooden_pickaxe":1,"minecraft:baked_potato":172,"minecraft:iron_sword":4,"minecraft:clock":1,"minecraft:copper_ingot":8,"minecraft:bucket":4,"minecraft:birch_planks":68,"minecraft:stone_axe":1,"minecraft:acacia_boat":4,"minecraft:air":0,"minecraft:jungle_planks":68,"minecraft:iron_chestplate":3,"minecraft:shield":2,"minecraft:stick":210,"minecraft:iron_ingot":314,"minecraft:iron_pickaxe":6,"minecraft:iron_block":14,"minecraft:stone_sword":2,"minecraft:iron_leggings":3,"minecraft:gold_ingot":23,"minecraft:white_bed":1,"minecraft:acacia_planks":76,"minecraft:torch":384},"minecraft:broken":{"minecraft:iron_pickaxe":3,"minecraft:iron_helmet":1}},"DataVersion":3465}