{"stats":{"minecraft:killed":{"minecraft:pig":6,"minecraft:spider":2,"minecraft:chicken":3,"minecraft:cow":8},"minecraft:mined":{"minecraft:acacia_leaves":2,"minecraft:dandelion":3,"minecraft:crafting_table":2,"minecraft:acacia_log":22,"minecraft:grass_block":3,"minecraft:poppy":3,"minecraft:chest":3,"minecraft:sugar_cane":3,"minecraft:sandstone":1,"minecraft:furnace":1,"minecraft:iron_ore":2,"minecraft:grass":19,"minecraft:oak_log":6,"minecraft:coal_ore":42,"minecraft:dirt":6,"minecraft:sand":46,"minecraft:stone":51},"minecraft:dropped":{"minecraft:iron_ingot":2,"minecraft:coal":10,"minecraft:filled_map":1,"minecraft:spider_eye":1,"minecraft:egg":1},"minecraft:picked_up":{"minecraft:mud":20,"minecraft:crafting_table":3,"minecraft:feather":2,"minecraft:chicken":1,"minecraft:leather":10,"minecraft:wooden_pickaxe":1,"minecraft:filled_map":1,"minecraft:oak_log":6,"minecraft:shield":2,"minecraft:acacia_boat":1,"minecraft:dirt":21,"minecraft:string":5,"minecraft:bone":1,"minecraft:acacia_planks":9,"minecraft:apple":1,"minecraft:bow":1,"minecraft:wheat_seeds":7,"minecraft:heart_of_the_sea":1,"minecraft:iron_ingot":2,"minecraft:beef":4,"minecraft:stone_pickaxe":1,"minecraft:iron_nugget":3,"minecraft:poppy":2,"minecraft:iron_pickaxe":1,"minecraft:chest":3,"minecraft:sugar_cane":13,"minecraft:acacia_sapling":4,"minecraft:egg":2,"minecraft:furnace":1,"minecraft:stick":6,"minecraft:raw_iron":2,"minecraft:sandstone":10,"minecraft:acacia_log":19,"minecraft:torch":14,"minecraft:dandelion":3,"minecraft:porkchop":12,"minecraft:sand":189,"minecraft:spider_eye":1,"minecraft:rotten_flesh":7,"minecraft:cooked_cod":1,"minecraft:stone_axe":1,"minecraft:emerald":5,"minecraft:gold_ingot":3,"minecraft:oak_sapling":5,"minecraft:coal":81,"minecraft:cobblestone":90},"minecraft:crafted":{"minecraft:cooked_beef":4,"minecraft:stone_shovel":1,"minecraft:cooked_porkchop":3,"minecraft:crafting_table":1,"minecraft:wooden_pickaxe":1,"minecraft:cooked_chicken":2,"minecraft:furnace":2,"minecraft:stone_axe":1,"minecraft:acacia_boat":1,"minecraft:air":0,"minecraft:stick":8,"minecraft:stone_pickaxe":1,"minecraft:stone_sword":1,"minecraft:acacia_planks":76,"minecraft:torch":12},"minecraft:used":{"minecraft:acacia_boat":1,"minecraft:stone_sword":55,"minecraft:stone_pickaxe":76,"minecraft:stone_shovel":46,"minecraft:wooden_pickaxe":22,"minecraft:chest":2,"minecraft:shield":2,"minecraft:dirt":1,"minecraft:crafting_table":3,"minecraft:stone_axe":11,"minecraft:cobblestone":12,"minecraft:furnace":3,"minecraft:cooked_cod":2,"minecraft:cooked_porkchop":2,"minecraft:cooked_beef":1},"minecraft:custom":{"minecraft:interact_with_furnace":15,"minecraft:mob_kills":19,"minecraft:interact_with_crafting_table":8,"minecraft:leave_game":4,"minecraft:time_since_death":40867,"minecraft:time_since_rest":40867,"minecraft:sprint_one_cm":84655,"minecraft:damage_taken":275,"minecraft:walk_one_cm":67424,"minecraft:damage_blocked_by_shield":160,"minecraft:drop":5,"minecraft:damage_dealt":2515,"minecraft:swim_one_cm":23082,"minecraft:fly_one_cm":74049,"minecraft:open_chest":12,"minecraft:crouch_one_cm":11163,"minecraft:play_time":40867,"minecraft:sneak_time":3348,"minecraft:walk_under_water_one_cm":1987,"minecraft:boat_one_cm":286578,"minecraft:jump":460,"minecraft:walk_on_water_one_cm":5529,"minecraft:total_world_time":40867,"minecraft:fall_one_cm":9315}},"DataVersion":3465}