{"stats":{"minecraft:killed":{"minecraft:pig":1,"minecraft:chicken":1,"minecraft:cow":2},"minecraft:mined":{"minecraft:acacia_leaves":2,"minecraft:dandelion":3,"minecraft:crafting_table":1,"minecraft:grass":17,"minecraft:acacia_log":22,"minecraft:grass_block":3,"minecraft:coal_ore":24,"minecraft:poppy":3,"minecraft:dirt":6,"minecraft:stone":42},"minecraft:dropped":{"minecraft:filled_map":1},"minecraft:crafted":{"minecraft:crafting_table":1,"minecraft:stick":8,"minecraft:wooden_pickaxe":1,"minecraft:stone_pickaxe":1,"minecraft:stone_sword":1,"minecraft:acacia_planks":76,"minecraft:stone_axe":1,"minecraft:acacia_boat":1},"minecraft:picked_up":{"minecraft:stick":6,"minecraft:crafting_table":1,"minecraft:chicken":1,"minecraft:leather":2,"minecraft:acacia_log":19,"minecraft:dandelion":3,"minecraft:filled_map":1,"minecraft:porkchop":3,"minecraft:shield":1,"minecraft:dirt":9,"minecraft:wheat_seeds":3,"minecraft:beef":4,"minecraft:poppy":2,"minecraft:acacia_sapling":4,"minecraft:coal":24,"minecraft:cobblestone":42},"minecraft:used":{"minecraft:acacia_boat":1,"minecraft:stone_sword":12,"minecraft:stone_pickaxe":45,"minecraft:wooden_pickaxe":22,"minecraft:stone_axe":1,"minecraft:crafting_table":1},"minecraft:custom":{"minecraft:time_since_rest":14343,"minecraft:sprint_one_cm":18990,"minecraft:damage_taken":30,"minecraft:walk_one_cm":16059,"minecraft:mob_kills":4,"minecraft:drop":1,"minecraft:damage_dealt":340,"minecraft:swim_one_cm":1260,"minecraft:interact_with_crafting_table":5,"minecraft:fly_one_cm":10700,"minecraft:crouch_one_cm":6446,"minecraft:play_time":14343,"minecraft:sneak_time":2217,"minecraft:walk_under_water_one_cm":363,"minecraft:boat_one_cm":181548,"minecraft:jump":75,"minecraft:walk_on_water_one_cm":1255,"minecraft:time_since_death":14343,"minecraft:total_world_time":14343,"minecraft:fall_one_cm":1312}},"DataVersion":3465}