{"stats":{"minecraft:killed":{"minecraft:pig":10,"minecraft:spider":3,"minecraft:sheep":4,"minecraft:skeleton":10,"minecraft:zombie":17,"minecraft:chicken":3,"minecraft:cow":15,"minecraft:enderman":1},"minecraft:mined":{"minecraft:acacia_leaves":2,"minecraft:white_bed":5,"minecraft:kelp_plant":6,"minecraft:dandelion":3,"minecraft:crafting_table":5,"minecraft:acacia_log":22,"minecraft:grass_block":5,"minecraft:poppy":3,"minecraft:chest":3,"minecraft:sugar_cane":9,"minecraft:wall_torch":1,"minecraft:sandstone":1,"minecraft:seagrass":1,"minecraft:coarse_dirt":2,"minecraft:furnace":7,"minecraft:iron_ore":34,"minecraft:pumpkin":1,"minecraft:grass":42,"minecraft:coal_ore":70,"minecraft:oak_log":11,"minecraft:sand":47,"minecraft:dirt":13,"minecraft:stone":89},"minecraft:dropped":{"minecraft:iron_ingot":2,"minecraft:golden_helmet":3,"minecraft:cooked_chicken":2,"minecraft:stone_sword":2,"minecraft:crafting_table":1,"minecraft:cooked_mutton":4,"minecraft:coal":11,"minecraft:stick":2,"minecraft:filled_map":1,"minecraft:poppy":2,"minecraft:dirt":20,"minecraft:acacia_sapling":4,"minecraft:spider_eye":1,"minecraft:sandstone":10,"minecraft:sand":33,"minecraft:stone_pickaxe":1,"minecraft:bucket":1,"minecraft:dandelion":3,"minecraft:egg":1},"minecraft:picked_up":{"minecraft:coarse_dirt":9,"minecraft:mud":20,"minecraft:crafting_table":7,"minecraft:feather":2,"minecraft:chicken":1,"minecraft:leather":17,"minecraft:wooden_pickaxe":1,"minecraft:filled_map":1,"minecraft:oak_log":11,"minecraft:shield":2,"minecraft:acacia_boat":5,"minecraft:string":5,"minecraft:dirt":102,"minecraft:bone":25,"minecraft:acacia_planks":9,"minecraft:apple":1,"minecraft:kelp":55,"minecraft:bow":1,"minecraft:wheat_seeds":7,"minecraft:bucket":1,"minecraft:heart_of_the_sea":1,"minecraft:iron_ingot":2,"minecraft:beef":18,"minecraft:stone_pickaxe":1,"minecraft:iron_nugget":3,"minecraft:poppy":2,"minecraft:iron_pickaxe":1,"minecraft:sugar_cane":27,"minecraft:chest":3,"minecraft:acacia_sapling":4,"minecraft:furnace":7,"minecraft:egg":2,"minecraft:golden_helmet":3,"minecraft:stick":8,"minecraft:raw_iron":45,"minecraft:sandstone":10,"minecraft:torch":18,"minecraft:dandelion":3,"minecraft:acacia_log":19,"minecraft:gravel":2,"minecraft:porkchop":19,"minecraft:sand":190,"minecraft:white_bed":5,"minecraft:spider_eye":1,"minecraft:stone_sword":1,"minecraft:arrow":19,"minecraft:rotten_flesh":31,"minecraft:cooked_cod":1,"minecraft:stone_axe":1,"minecraft:gold_ingot":3,"minecraft:emerald":5,"minecraft:oak_sapling":5,"minecraft:mutton":6,"minecraft:coal":278,"minecraft:white_wool":4,"minecraft:cobblestone":141},"minecraft:crafted":{"minecraft:cooked_beef":18,"minecraft:oak_planks":44,"minecraft:stone_shovel":1,"minecraft:cooked_porkchop":19,"minecraft:crafting_table":1,"minecraft:iron_helmet":1,"minecraft:wooden_pickaxe":1,"minecraft:cooked_chicken":2,"minecraft:iron_sword":1,"minecraft:furnace":3,"minecraft:bucket":1,"minecraft:stone_axe":1,"minecraft:acacia_boat":1,"minecraft:cooked_mutton":6,"minecraft:air":0,"minecraft:iron_chestplate":1,"minecraft:iron_boots":1,"minecraft:stick":20,"minecraft:iron_ingot":34,"minecraft:iron_pickaxe":1,"minecraft:stone_pickaxe":2,"minecraft:stone_sword":2,"minecraft:iron_leggings":1,"minecraft:white_bed":1,"minecraft:acacia_planks":76,"minecraft:torch":12},"minecraft:used":{"minecraft:cooked_mutton":2,"minecraft:acacia_boat":5,"minecraft:water_bucket":50,"minecraft:stone_sword":197,"minecraft:stone_pickaxe":181,"minecraft:stone_shovel":56,"minecraft:wooden_pickaxe":22,"minecraft:chest":2,"minecraft:shield":68,"minecraft:iron_sword":5,"minecraft:torch":30,"minecraft:dirt":87,"minecraft:crafting_table":7,"minecraft:white_bed":5,"minecraft:lava_bucket":4,"minecraft:gravel":2,"minecraft:golden_helmet":1,"minecraft:stone_axe":26,"minecraft:cobblestone":140,"minecraft:furnace":8,"minecraft:cooked_cod":2,"minecraft:cooked_porkchop":19,"minecraft:bucket":55,"minecraft:cooked_beef":6,"minecraft:coarse_dirt":9},"minecraft:custom":{"minecraft:interact_with_furnace":58,"minecraft:mob_kills":64,"minecraft:interact_with_crafting_table":17,"minecraft:leave_game":8,"minecraft:time_since_death":126141,"minecraft:sleep_in_bed":6,"minecraft:time_since_rest":2722,"minecraft:sprint_one_cm":333425,"minecraft:damage_taken":2024,"minecraft:walk_one_cm":216733,"minecraft:damage_blocked_by_shield":1810,"minecraft:drop":23,"minecraft:damage_dealt":8530,"minecraft:swim_one_cm":142623,"minecraft:fly_one_cm":346424,"minecraft:open_chest":14,"minecraft:crouch_one_cm":35107,"minecraft:play_time":126141,"minecraft:sneak_time":11136,"minecraft:walk_under_water_one_cm":52324,"minecraft:boat_one_cm":309573,"minecraft:jump":2185,"minecraft:walk_on_water_one_cm":49845,"minecraft:total_world_time":126141,"minecraft:fall_one_cm":47598}},"DataVersion":3465}