{"stats":{"minecraft:killed":{"minecraft:pig":10,"minecraft:spider":2,"minecraft:sheep":4,"minecraft:skeleton":1,"minecraft:zombie":8,"minecraft:chicken":3,"minecraft:enderman":1,"minecraft:cow":15},"minecraft:mined":{"minecraft:acacia_leaves":2,"minecraft:white_bed":2,"minecraft:kelp_plant":6,"minecraft:dandelion":3,"minecraft:crafting_table":5,"minecraft:acacia_log":22,"minecraft:grass_block":3,"minecraft:poppy":3,"minecraft:chest":3,"minecraft:sugar_cane":9,"minecraft:sandstone":1,"minecraft:seagrass":1,"minecraft:furnace":5,"minecraft:iron_ore":2,"minecraft:pumpkin":1,"minecraft:grass":42,"minecraft:coal_ore":65,"minecraft:oak_log":11,"minecraft:sand":47,"minecraft:dirt":6,"minecraft:stone":54},"minecraft:dropped":{"minecraft:iron_ingot":2,"minecraft:golden_helmet":1,"minecraft:stone_sword":2,"minecraft:crafting_table":1,"minecraft:coal":10,"minecraft:stick":2,"minecraft:filled_map":1,"minecraft:poppy":2,"minecraft:spider_eye":1,"minecraft:sandstone":10,"minecraft:sand":33,"minecraft:stone_pickaxe":1,"minecraft:bucket":1,"minecraft:dandelion":3,"minecraft:egg":1},"minecraft:picked_up":{"minecraft:mud":20,"minecraft:crafting_table":7,"minecraft:feather":2,"minecraft:chicken":1,"minecraft:leather":17,"minecraft:wooden_pickaxe":1,"minecraft:filled_map":1,"minecraft:oak_log":11,"minecraft:shield":2,"minecraft:acacia_boat":3,"minecraft:string":5,"minecraft:dirt":21,"minecraft:bone":1,"minecraft:acacia_planks":9,"minecraft:apple":1,"minecraft:kelp":55,"minecraft:bow":1,"minecraft:wheat_seeds":7,"minecraft:bucket":1,"minecraft:heart_of_the_sea":1,"minecraft:iron_ingot":2,"minecraft:beef":18,"minecraft:stone_pickaxe":1,"minecraft:iron_nugget":3,"minecraft:poppy":2,"minecraft:iron_pickaxe":1,"minecraft:sugar_cane":27,"minecraft:chest":3,"minecraft:acacia_sapling":4,"minecraft:furnace":5,"minecraft:egg":2,"minecraft:golden_helmet":1,"minecraft:stick":8,"minecraft:raw_iron":2,"minecraft:sandstone":10,"minecraft:torch":14,"minecraft:acacia_log":19,"minecraft:dandelion":3,"minecraft:porkchop":19,"minecraft:sand":190,"minecraft:white_bed":2,"minecraft:spider_eye":1,"minecraft:stone_sword":1,"minecraft:rotten_flesh":20,"minecraft:cooked_cod":1,"minecraft:stone_axe":1,"minecraft:gold_ingot":3,"minecraft:emerald":5,"minecraft:oak_sapling":5,"minecraft:mutton":6,"minecraft:coal":183,"minecraft:white_wool":4,"minecraft:cobblestone":93},"minecraft:crafted":{"minecraft:cooked_beef":18,"minecraft:oak_planks":44,"minecraft:stone_shovel":1,"minecraft:cooked_porkchop":19,"minecraft:crafting_table":1,"minecraft:cooked_chicken":2,"minecraft:wooden_pickaxe":1,"minecraft:furnace":2,"minecraft:bucket":1,"minecraft:stone_axe":1,"minecraft:acacia_boat":1,"minecraft:cooked_mutton":6,"minecraft:air":0,"minecraft:stick":12,"minecraft:iron_ingot":2,"minecraft:stone_pickaxe":2,"minecraft:stone_sword":2,"minecraft:white_bed":1,"minecraft:acacia_planks":76,"minecraft:torch":12},"minecraft:used":{"minecraft:cooked_mutton":2,"minecraft:acacia_boat":3,"minecraft:water_bucket":17,"minecraft:stone_sword":138,"minecraft:stone_pickaxe":106,"minecraft:stone_shovel":47,"minecraft:wooden_pickaxe":22,"minecraft:chest":2,"minecraft:shield":20,"minecraft:dirt":1,"minecraft:crafting_table":5,"minecraft:white_bed":2,"minecraft:lava_bucket":1,"minecraft:golden_helmet":1,"minecraft:stone_axe":24,"minecraft:cobblestone":12,"minecraft:furnace":5,"minecraft:cooked_cod":2,"minecraft:cooked_porkchop":8,"minecraft:bucket":19,"minecraft:cooked_beef":1},"minecraft:custom":{"minecraft:interact_with_furnace":40,"minecraft:mob_kills":44,"minecraft:interact_with_crafting_table":12,"minecraft:leave_game":7,"minecraft:time_since_death":78845,"minecraft:sleep_in_bed":3,"minecraft:time_since_rest":2416,"minecraft:sprint_one_cm":207540,"minecraft:damage_taken":679,"minecraft:walk_one_cm":118982,"minecraft:damage_blocked_by_shield":465,"minecraft:drop":16,"minecraft:damage_dealt":5429,"minecraft:swim_one_cm":77868,"minecraft:fly_one_cm":262303,"minecraft:open_chest":13,"minecraft:crouch_one_cm":14846,"minecraft:play_time":78845,"minecraft:sneak_time":4633,"minecraft:walk_under_water_one_cm":20229,"minecraft:boat_one_cm":300663,"minecraft:jump":1272,"minecraft:walk_on_water_one_cm":30690,"minecraft:total_world_time":78845,"minecraft:fall_one_cm":28599}},"DataVersion":3465}