{"stats":{"minecraft:killed":{"minecraft:spider":4,"minecraft:skeleton":10,"minecraft:chicken":3,"minecraft:pig":10,"minecraft:bat":1,"minecraft:sheep":4,"minecraft:zombie":24,"minecraft:enderman":1,"minecraft:cow":15},"minecraft:mined":{"minecraft:white_bed":5,"minecraft:granite":1,"minecraft:acacia_log":22,"minecraft:grass_block":5,"minecraft:sandstone":1,"minecraft:redstone_ore":5,"minecraft:furnace":7,"minecraft:iron_ore":42,"minecraft:pumpkin":1,"minecraft:deepslate_lapis_ore":2,"minecraft:bamboo":13,"minecraft:stone":91,"minecraft:acacia_leaves":2,"minecraft:kelp_plant":6,"minecraft:amethyst_cluster":9,"minecraft:dandelion":3,"minecraft:clay":1,"minecraft:crafting_table":5,"minecraft:calcite":6,"minecraft:poppy":3,"minecraft:melon":9,"minecraft:chest":3,"minecraft:copper_ore":4,"minecraft:oak_planks":20,"minecraft:sugar_cane":12,"minecraft:wall_torch":1,"minecraft:amethyst_block":11,"minecraft:seagrass":1,"minecraft:coarse_dirt":2,"minecraft:grass":99,"minecraft:oak_log":11,"minecraft:coal_ore":70,"minecraft:cocoa":3,"minecraft:acacia_fence":12,"minecraft:gravel":3,"minecraft:sand":47,"minecraft:dirt":13,"minecraft:smooth_basalt":4,"minecraft:deepslate":20,"minecraft:fern":22},"minecraft:dropped":{"minecraft:iron_ingot":2,"minecraft:golden_helmet":4,"minecraft:crafting_table":1,"minecraft:feather":2,"minecraft:coal":11,"minecraft:flint":1,"minecraft:stick":2,"minecraft:dirt":20,"minecraft:sand":33,"minecraft:bucket":1,"minecraft:dandelion":3,"minecraft:smooth_basalt":4,"minecraft:iron_nugget":3,"minecraft:cooked_chicken":2,"minecraft:stone_sword":2,"minecraft:oak_planks":7,"minecraft:cooked_mutton":4,"minecraft:blast_furnace":1,"minecraft:filled_map":1,"minecraft:poppy":2,"minecraft:acacia_sapling":4,"minecraft:spider_eye":1,"minecraft:sandstone":10,"minecraft:stone_pickaxe":1,"minecraft:egg":1},"minecraft:crafted":{"minecraft:oak_planks":44,"minecraft:stone_shovel":1,"minecraft:spyglass":2,"minecraft:cooked_chicken":2,"minecraft:furnace":3,"minecraft:cooked_mutton":6,"minecraft:iron_boots":1,"minecraft:stone_pickaxe":2,"minecraft:acacia_fence":12,"minecraft:cooked_beef":18,"minecraft:cooked_porkchop":19,"minecraft:crafting_table":1,"minecraft:wooden_pickaxe":1,"minecraft:iron_helmet":1,"minecraft:iron_sword":1,"minecraft:copper_ingot":4,"minecraft:bucket":1,"minecraft:stone_axe":1,"minecraft:acacia_boat":3,"minecraft:air":0,"minecraft:iron_chestplate":1,"minecraft:stick":32,"minecraft:iron_ingot":34,"minecraft:iron_pickaxe":1,"minecraft:stone_sword":2,"minecraft:gold_ingot":3,"minecraft:iron_leggings":1,"minecraft:white_bed":1,"minecraft:acacia_planks":76,"minecraft:torch":52},"minecraft:picked_up":{"minecraft:cocoa_beans":7,"minecraft:mud":20,"minecraft:crafting_table":7,"minecraft:coarse_dirt":9,"minecraft:chicken":1,"minecraft:wooden_pickaxe":1,"minecraft:shield":2,"minecraft:amethyst_block":10,"minecraft:string":5,"minecraft:raw_copper":15,"minecraft:cobbled_deepslate":21,"minecraft:bucket":1,"minecraft:beef":18,"minecraft:calcite":6,"minecraft:iron_nugget":3,"minecraft:poppy":2,"minecraft:iron_pickaxe":1,"minecraft:melon_slice":46,"minecraft:chest":3,"minecraft:sugar_cane":35,"minecraft:egg":2,"minecraft:furnace":7,"minecraft:golden_helmet":3,"minecraft:stick":8,"minecraft:raw_iron":53,"minecraft:sandstone":10,"minecraft:acacia_fence":12,"minecraft:torch":18,"minecraft:acacia_log":19,"minecraft:porkchop":19,"minecraft:redstone":23,"minecraft:stone_sword":1,"minecraft:arrow":19,"minecraft:rotten_flesh":43,"minecraft:cooked_cod":1,"minecraft:gold_ingot":3,"minecraft:mutton":6,"minecraft:white_wool":4,"minecraft:cobblestone":143,"minecraft:feather":2,"minecraft:leather":17,"minecraft:filled_map":1,"minecraft:flint":1,"minecraft:oak_log":11,"minecraft:acacia_boat":7,"minecraft:dirt":120,"minecraft:bone":25,"minecraft:acacia_planks":9,"minecraft:apple":1,"minecraft:kelp":55,"minecraft:bow":1,"minecraft:wheat_seeds":14,"minecraft:heart_of_the_sea":1,"minecraft:iron_ingot":2,"minecraft:stone_pickaxe":1,"minecraft:bamboo":17,"minecraft:oak_planks":20,"minecraft:acacia_sapling":4,"minecraft:smooth_basalt":4,"minecraft:dandelion":3,"minecraft:gravel":4,"minecraft:sand":193,"minecraft:amethyst_shard":32,"minecraft:white_bed":5,"minecraft:spider_eye":1,"minecraft:stone_axe":1,"minecraft:granite":1,"minecraft:emerald":5,"minecraft:oak_sapling":5,"minecraft:coal":278},"minecraft:used":{"minecraft:stone_sword":197,"minecraft:stone_shovel":60,"minecraft:chest":2,"minecraft:shield":71,"minecraft:iron_sword":47,"minecraft:torch":56,"minecraft:dirt":105,"minecraft:axolotl_bucket":1,"minecraft:lava_bucket":4,"minecraft:furnace":8,"minecraft:cooked_cod":2,"minecraft:acacia_fence":12,"minecraft:cooked_beef":12,"minecraft:cobbled_deepslate":1,"minecraft:cooked_mutton":2,"minecraft:acacia_boat":10,"minecraft:water_bucket":53,"minecraft:stone_pickaxe":181,"minecraft:oak_planks":42,"minecraft:wooden_pickaxe":22,"minecraft:sand":3,"minecraft:crafting_table":7,"minecraft:blast_furnace":1,"minecraft:white_bed":5,"minecraft:iron_pickaxe":72,"minecraft:gravel":2,"minecraft:golden_helmet":1,"minecraft:stone_axe":71,"minecraft:cobblestone":141,"minecraft:cooked_porkchop":19,"minecraft:bucket":60,"minecraft:tropical_fish_bucket":1,"minecraft:coarse_dirt":9},"minecraft:custom":{"minecraft:mob_kills":73,"minecraft:interact_with_crafting_table":25,"minecraft:bell_ring":1,"minecraft:leave_game":8,"minecraft:time_since_death":162141,"minecraft:climb_one_cm":3059,"minecraft:sprint_one_cm":478579,"minecraft:walk_one_cm":311639,"minecraft:damage_blocked_by_shield":2040,"minecraft:drop":30,"minecraft:play_time":162141,"minecraft:sneak_time":13907,"minecraft:walk_under_water_one_cm":57163,"minecraft:boat_one_cm":336487,"minecraft:jump":2894,"minecraft:interact_with_blast_furnace":2,"minecraft:walk_on_water_one_cm":60668,"minecraft:total_world_time":162141,"minecraft:interact_with_furnace":58,"minecraft:sleep_in_bed":8,"minecraft:time_since_rest":19614,"minecraft:damage_taken":2384,"minecraft:damage_dealt":10172,"minecraft:fly_one_cm":446511,"minecraft:swim_one_cm":170574,"minecraft:open_chest":23,"minecraft:crouch_one_cm":43651,"minecraft:fall_one_cm":63564}},"DataVersion":3465}