{"stats":{"minecraft:killed":{"minecraft:pig":1,"minecraft:spider":2,"minecraft:chicken":3,"minecraft:cow":2},"minecraft:mined":{"minecraft:acacia_leaves":2,"minecraft:dandelion":3,"minecraft:crafting_table":2,"minecraft:acacia_log":22,"minecraft:grass_block":3,"minecraft:poppy":3,"minecraft:chest":3,"minecraft:sugar_cane":3,"minecraft:sandstone":1,"minecraft:furnace":1,"minecraft:grass":17,"minecraft:oak_log":6,"minecraft:coal_ore":32,"minecraft:dirt":6,"minecraft:sand":46,"minecraft:stone":45},"minecraft:dropped":{"minecraft:iron_ingot":2,"minecraft:coal":10,"minecraft:filled_map":1,"minecraft:egg":1},"minecraft:picked_up":{"minecraft:mud":20,"minecraft:crafting_table":3,"minecraft:feather":2,"minecraft:chicken":1,"minecraft:leather":2,"minecraft:wooden_pickaxe":1,"minecraft:filled_map":1,"minecraft:oak_log":6,"minecraft:shield":2,"minecraft:acacia_boat":1,"minecraft:string":5,"minecraft:dirt":21,"minecraft:bone":1,"minecraft:acacia_planks":9,"minecraft:apple":1,"minecraft:bow":1,"minecraft:wheat_seeds":7,"minecraft:heart_of_the_sea":1,"minecraft:iron_ingot":2,"minecraft:beef":4,"minecraft:stone_pickaxe":1,"minecraft:iron_nugget":3,"minecraft:poppy":2,"minecraft:iron_pickaxe":1,"minecraft:chest":3,"minecraft:sugar_cane":13,"minecraft:acacia_sapling":4,"minecraft:egg":2,"minecraft:furnace":1,"minecraft:stick":6,"minecraft:sandstone":10,"minecraft:torch":14,"minecraft:acacia_log":19,"minecraft:dandelion":3,"minecraft:porkchop":3,"minecraft:sand":189,"minecraft:spider_eye":1,"minecraft:rotten_flesh":3,"minecraft:cooked_cod":1,"minecraft:stone_axe":1,"minecraft:emerald":5,"minecraft:gold_ingot":3,"minecraft:oak_sapling":5,"minecraft:coal":71,"minecraft:cobblestone":84},"minecraft:crafted":{"minecraft:cooked_beef":4,"minecraft:stone_shovel":1,"minecraft:cooked_porkchop":3,"minecraft:crafting_table":1,"minecraft:wooden_pickaxe":1,"minecraft:cooked_chicken":2,"minecraft:furnace":1,"minecraft:stone_axe":1,"minecraft:acacia_boat":1,"minecraft:air":0,"minecraft:stick":8,"minecraft:stone_pickaxe":1,"minecraft:stone_sword":1,"minecraft:acacia_planks":76,"minecraft:torch":12},"minecraft:used":{"minecraft:acacia_boat":1,"minecraft:stone_sword":26,"minecraft:stone_pickaxe":58,"minecraft:stone_shovel":46,"minecraft:chest":2,"minecraft:wooden_pickaxe":22,"minecraft:shield":2,"minecraft:dirt":1,"minecraft:crafting_table":2,"minecraft:stone_axe":11,"minecraft:furnace":1,"minecraft:cooked_porkchop":1,"minecraft:cooked_cod":2,"minecraft:cooked_beef":1},"minecraft:custom":{"minecraft:interact_with_furnace":12,"minecraft:mob_kills":8,"minecraft:interact_with_crafting_table":7,"minecraft:leave_game":2,"minecraft:time_since_death":31852,"minecraft:time_since_rest":31852,"minecraft:sprint_one_cm":49624,"minecraft:damage_taken":220,"minecraft:walk_one_cm":51061,"minecraft:damage_blocked_by_shield":160,"minecraft:drop":4,"minecraft:damage_dealt":1169,"minecraft:swim_one_cm":12922,"minecraft:fly_one_cm":40410,"minecraft:open_chest":11,"minecraft:crouch_one_cm":9812,"minecraft:play_time":31852,"minecraft:sneak_time":2944,"minecraft:walk_under_water_one_cm":1194,"minecraft:boat_one_cm":286578,"minecraft:jump":254,"minecraft:walk_on_water_one_cm":4468,"minecraft:total_world_time":31852,"minecraft:fall_one_cm":5166}},"DataVersion":3465}