{"stats":{"minecraft:killed":{"minecraft:spider":5,"minecraft:skeleton":20,"minecraft:chicken":3,"minecraft:pig":10,"minecraft:bat":1,"minecraft:sheep":4,"minecraft:zombie":39,"minecraft:enderman":1,"minecraft:cow":15},"minecraft:mined":{"minecraft:tuff":1,"minecraft:white_bed":5,"minecraft:deepslate_diamond_ore":3,"minecraft:granite":2,"minecraft:acacia_log":22,"minecraft:grass_block":5,"minecraft:sandstone":1,"minecraft:redstone_ore":6,"minecraft:furnace":7,"minecraft:iron_ore":55,"minecraft:pumpkin":1,"minecraft:deepslate_lapis_ore":16,"minecraft:deepslate_iron_ore":77,"minecraft:bamboo":13,"minecraft:stone":92,"minecraft:deepslate_redstone_ore":5,"minecraft:acacia_leaves":2,"minecraft:kelp_plant":6,"minecraft:amethyst_cluster":9,"minecraft:dandelion":3,"minecraft:clay":1,"minecraft:crafting_table":5,"minecraft:calcite":6,"minecraft:poppy":3,"minecraft:melon":9,"minecraft:chest":3,"minecraft:tall_grass":1,"minecraft:copper_ore":4,"minecraft:lapis_ore":4,"minecraft:deepslate_gold_ore":14,"minecraft:oak_planks":20,"minecraft:sugar_cane":12,"minecraft:diorite":1,"minecraft:wall_torch":1,"minecraft:amethyst_block":11,"minecraft:seagrass":1,"minecraft:coarse_dirt":2,"minecraft:grass":99,"minecraft:oak_log":11,"minecraft:coal_ore":70,"minecraft:cocoa":3,"minecraft:acacia_fence":12,"minecraft:gravel":3,"minecraft:sand":47,"minecraft:dirt":13,"minecraft:smooth_basalt":4,"minecraft:deepslate":43,"minecraft:fern":22},"minecraft:dropped":{"minecraft:iron_ingot":2,"minecraft:wheat_seeds":7,"minecraft:golden_helmet":4,"minecraft:crafting_table":1,"minecraft:feather":2,"minecraft:cobblestone":2,"minecraft:coal":11,"minecraft:flint":1,"minecraft:stick":2,"minecraft:dirt":20,"minecraft:sand":33,"minecraft:bucket":1,"minecraft:dandelion":3,"minecraft:smooth_basalt":4,"minecraft:iron_nugget":3,"minecraft:cooked_chicken":2,"minecraft:stone_sword":2,"minecraft:tuff":1,"minecraft:oak_planks":7,"minecraft:cooked_mutton":4,"minecraft:blast_furnace":1,"minecraft:filled_map":1,"minecraft:poppy":2,"minecraft:acacia_sapling":4,"minecraft:spider_eye":1,"minecraft:sandstone":10,"minecraft:stone_pickaxe":1,"minecraft:egg":1},"minecraft:crafted":{"minecraft:oak_planks":44,"minecraft:stone_shovel":1,"minecraft:spyglass":2,"minecraft:cooked_chicken":2,"minecraft:furnace":3,"minecraft:cooked_mutton":6,"minecraft:iron_boots":1,"minecraft:stone_pickaxe":2,"minecraft:acacia_fence":12,"minecraft:cooked_beef":18,"minecraft:cooked_porkchop":19,"minecraft:crafting_table":1,"minecraft:wooden_pickaxe":1,"minecraft:iron_helmet":1,"minecraft:iron_sword":1,"minecraft:copper_ingot":4,"minecraft:bucket":1,"minecraft:stone_axe":1,"minecraft:acacia_boat":3,"minecraft:air":0,"minecraft:iron_chestplate":1,"minecraft:stick":32,"minecraft:iron_ingot":34,"minecraft:iron_pickaxe":1,"minecraft:stone_sword":2,"minecraft:gold_ingot":3,"minecraft:iron_leggings":1,"minecraft:white_bed":1,"minecraft:acacia_planks":76,"minecraft:torch":60},"minecraft:picked_up":{"minecraft:cocoa_beans":7,"minecraft:mud":20,"minecraft:crafting_table":7,"minecraft:coarse_dirt":9,"minecraft:chicken":1,"minecraft:wooden_pickaxe":1,"minecraft:shield":2,"minecraft:amethyst_block":10,"minecraft:string":5,"minecraft:raw_copper":15,"minecraft:cobbled_deepslate":60,"minecraft:bucket":1,"minecraft:beef":18,"minecraft:calcite":6,"minecraft:iron_nugget":3,"minecraft:poppy":2,"minecraft:iron_pickaxe":1,"minecraft:melon_slice":46,"minecraft:chest":3,"minecraft:sugar_cane":35,"minecraft:egg":2,"minecraft:furnace":7,"minecraft:golden_helmet":3,"minecraft:stick":8,"minecraft:raw_iron":143,"minecraft:sandstone":10,"minecraft:acacia_fence":12,"minecraft:torch":18,"minecraft:acacia_log":19,"minecraft:porkchop":19,"minecraft:redstone":48,"minecraft:stone_sword":1,"minecraft:arrow":33,"minecraft:rotten_flesh":60,"minecraft:cooked_cod":1,"minecraft:gold_ingot":3,"minecraft:mutton":6,"minecraft:white_wool":4,"minecraft:cobblestone":144,"minecraft:feather":2,"minecraft:leather":17,"minecraft:filled_map":1,"minecraft:flint":1,"minecraft:tuff":1,"minecraft:oak_log":11,"minecraft:acacia_boat":7,"minecraft:lapis_lazuli":118,"minecraft:dirt":120,"minecraft:bone":34,"minecraft:acacia_planks":9,"minecraft:apple":1,"minecraft:kelp":55,"minecraft:bow":1,"minecraft:wheat_seeds":14,"minecraft:raw_gold":14,"minecraft:heart_of_the_sea":1,"minecraft:iron_ingot":2,"minecraft:stone_pickaxe":1,"minecraft:bamboo":17,"minecraft:oak_planks":20,"minecraft:acacia_sapling":4,"minecraft:smooth_basalt":4,"minecraft:dandelion":3,"minecraft:gravel":4,"minecraft:sand":193,"minecraft:amethyst_shard":32,"minecraft:white_bed":5,"minecraft:spider_eye":1,"minecraft:diamond":2,"minecraft:stone_axe":1,"minecraft:granite":1,"minecraft:emerald":5,"minecraft:oak_sapling":5,"minecraft:coal":278},"minecraft:used":{"minecraft:stone_sword":197,"minecraft:stone_shovel":60,"minecraft:chest":2,"minecraft:shield":100,"minecraft:iron_sword":151,"minecraft:torch":71,"minecraft:dirt":105,"minecraft:granite":1,"minecraft:axolotl_bucket":1,"minecraft:lava_bucket":4,"minecraft:furnace":8,"minecraft:cooked_cod":2,"minecraft:acacia_fence":12,"minecraft:cooked_beef":18,"minecraft:cobbled_deepslate":18,"minecraft:cooked_mutton":2,"minecraft:acacia_boat":10,"minecraft:water_bucket":53,"minecraft:stone_pickaxe":181,"minecraft:oak_planks":42,"minecraft:wooden_pickaxe":22,"minecraft:sand":3,"minecraft:crafting_table":7,"minecraft:blast_furnace":1,"minecraft:white_bed":5,"minecraft:melon_slice":23,"minecraft:iron_pickaxe":231,"minecraft:gravel":2,"minecraft:golden_helmet":1,"minecraft:stone_axe":71,"minecraft:cobblestone":141,"minecraft:cooked_porkchop":19,"minecraft:bucket":60,"minecraft:tropical_fish_bucket":1,"minecraft:coarse_dirt":9},"minecraft:custom":{"minecraft:mob_kills":100,"minecraft:interact_with_crafting_table":25,"minecraft:bell_ring":1,"minecraft:leave_game":8,"minecraft:time_since_death":186141,"minecraft:climb_one_cm":3059,"minecraft:sprint_one_cm":606049,"minecraft:walk_one_cm":363831,"minecraft:damage_blocked_by_shield":2935,"minecraft:drop":34,"minecraft:play_time":186141,"minecraft:sneak_time":17158,"minecraft:walk_under_water_one_cm":58649,"minecraft:boat_one_cm":336487,"minecraft:jump":3515,"minecraft:interact_with_blast_furnace":2,"minecraft:walk_on_water_one_cm":65520,"minecraft:total_world_time":186141,"minecraft:interact_with_furnace":58,"minecraft:sleep_in_bed":8,"minecraft:time_since_rest":43614,"minecraft:damage_taken":3242,"minecraft:damage_dealt":15912,"minecraft:fly_one_cm":536925,"minecraft:swim_one_cm":171167,"minecraft:open_chest":23,"minecraft:crouch_one_cm":51782,"minecraft:fall_one_cm":75339}},"DataVersion":3465}