{"stats":{"minecraft:killed":{"minecraft:pig":10,"minecraft:spider":2,"minecraft:sheep":4,"minecraft:skeleton":1,"minecraft:zombie":8,"minecraft:chicken":3,"minecraft:cow":15},"minecraft:mined":{"minecraft:acacia_leaves":2,"minecraft:dandelion":3,"minecraft:crafting_table":4,"minecraft:acacia_log":22,"minecraft:grass_block":3,"minecraft:poppy":3,"minecraft:chest":3,"minecraft:sugar_cane":4,"minecraft:sandstone":1,"minecraft:furnace":3,"minecraft:iron_ore":2,"minecraft:pumpkin":1,"minecraft:grass":42,"minecraft:oak_log":11,"minecraft:coal_ore":65,"minecraft:dirt":6,"minecraft:sand":47,"minecraft:stone":54},"minecraft:dropped":{"minecraft:iron_ingot":2,"minecraft:golden_helmet":1,"minecraft:stone_sword":1,"minecraft:crafting_table":1,"minecraft:coal":10,"minecraft:stick":2,"minecraft:filled_map":1,"minecraft:poppy":2,"minecraft:spider_eye":1,"minecraft:sandstone":10,"minecraft:sand":33,"minecraft:bucket":1,"minecraft:dandelion":3,"minecraft:egg":1},"minecraft:picked_up":{"minecraft:mud":20,"minecraft:crafting_table":6,"minecraft:feather":2,"minecraft:chicken":1,"minecraft:leather":17,"minecraft:wooden_pickaxe":1,"minecraft:filled_map":1,"minecraft:oak_log":11,"minecraft:shield":2,"minecraft:acacia_boat":1,"minecraft:dirt":21,"minecraft:string":5,"minecraft:bone":1,"minecraft:acacia_planks":9,"minecraft:apple":1,"minecraft:bow":1,"minecraft:wheat_seeds":7,"minecraft:bucket":1,"minecraft:heart_of_the_sea":1,"minecraft:iron_ingot":2,"minecraft:beef":18,"minecraft:stone_pickaxe":1,"minecraft:iron_nugget":3,"minecraft:poppy":2,"minecraft:iron_pickaxe":1,"minecraft:chest":3,"minecraft:sugar_cane":15,"minecraft:acacia_sapling":4,"minecraft:egg":2,"minecraft:furnace":3,"minecraft:golden_helmet":1,"minecraft:stick":8,"minecraft:raw_iron":2,"minecraft:sandstone":10,"minecraft:acacia_log":19,"minecraft:torch":14,"minecraft:dandelion":3,"minecraft:porkchop":19,"minecraft:sand":190,"minecraft:spider_eye":1,"minecraft:stone_sword":1,"minecraft:rotten_flesh":20,"minecraft:cooked_cod":1,"minecraft:stone_axe":1,"minecraft:emerald":5,"minecraft:gold_ingot":3,"minecraft:oak_sapling":5,"minecraft:mutton":6,"minecraft:coal":123,"minecraft:white_wool":4,"minecraft:cobblestone":93},"minecraft:crafted":{"minecraft:cooked_beef":4,"minecraft:oak_planks":44,"minecraft:stone_shovel":1,"minecraft:cooked_porkchop":12,"minecraft:crafting_table":1,"minecraft:wooden_pickaxe":1,"minecraft:cooked_chicken":2,"minecraft:furnace":2,"minecraft:bucket":1,"minecraft:stone_axe":1,"minecraft:cooked_mutton":2,"minecraft:acacia_boat":1,"minecraft:air":0,"minecraft:stick":8,"minecraft:iron_ingot":2,"minecraft:stone_pickaxe":1,"minecraft:stone_sword":1,"minecraft:white_bed":1,"minecraft:acacia_planks":76,"minecraft:torch":12},"minecraft:used":{"minecraft:acacia_boat":1,"minecraft:stone_sword":137,"minecraft:stone_pickaxe":104,"minecraft:stone_shovel":47,"minecraft:wooden_pickaxe":22,"minecraft:chest":2,"minecraft:shield":20,"minecraft:dirt":1,"minecraft:crafting_table":5,"minecraft:white_bed":1,"minecraft:lava_bucket":1,"minecraft:golden_helmet":1,"minecraft:stone_axe":21,"minecraft:cobblestone":12,"minecraft:furnace":5,"minecraft:cooked_cod":2,"minecraft:cooked_porkchop":7,"minecraft:bucket":2,"minecraft:cooked_beef":1},"minecraft:custom":{"minecraft:interact_with_furnace":27,"minecraft:mob_kills":43,"minecraft:interact_with_crafting_table":11,"minecraft:leave_game":5,"minecraft:time_since_death":63161,"minecraft:sleep_in_bed":2,"minecraft:time_since_rest":261,"minecraft:sprint_one_cm":161604,"minecraft:damage_taken":649,"minecraft:walk_one_cm":109353,"minecraft:damage_blocked_by_shield":465,"minecraft:drop":14,"minecraft:damage_dealt":5410,"minecraft:swim_one_cm":54635,"minecraft:fly_one_cm":196245,"minecraft:open_chest":13,"minecraft:crouch_one_cm":13414,"minecraft:play_time":63161,"minecraft:sneak_time":4321,"minecraft:walk_under_water_one_cm":4416,"minecraft:boat_one_cm":286578,"minecraft:jump":989,"minecraft:walk_on_water_one_cm":12048,"minecraft:total_world_time":63161,"minecraft:fall_one_cm":21419}},"DataVersion":3465}