{"stats":{"minecraft:killed":{"minecraft:pig":1,"minecraft:spider":2,"minecraft:chicken":3,"minecraft:cow":2},"minecraft:mined":{"minecraft:acacia_leaves":2,"minecraft:dandelion":3,"minecraft:crafting_table":2,"minecraft:acacia_log":22,"minecraft:grass_block":3,"minecraft:poppy":3,"minecraft:chest":3,"minecraft:sugar_cane":3,"minecraft:sandstone":1,"minecraft:furnace":1,"minecraft:grass":17,"minecraft:coal_ore":32,"minecraft:oak_log":6,"minecraft:dirt":6,"minecraft:sand":46,"minecraft:stone":45},"minecraft:dropped":{"minecraft:iron_ingot":2,"minecraft:coal":10,"minecraft:filled_map":1},"minecraft:picked_up":{"minecraft:crafting_table":2,"minecraft:feather":2,"minecraft:chicken":1,"minecraft:leather":2,"minecraft:filled_map":1,"minecraft:oak_log":6,"minecraft:shield":1,"minecraft:acacia_boat":1,"minecraft:dirt":12,"minecraft:string":4,"minecraft:wheat_seeds":7,"minecraft:beef":4,"minecraft:poppy":2,"minecraft:sugar_cane":7,"minecraft:chest":3,"minecraft:acacia_sapling":4,"minecraft:furnace":1,"minecraft:egg":1,"minecraft:stick":6,"minecraft:sandstone":7,"minecraft:dandelion":3,"minecraft:acacia_log":19,"minecraft:porkchop":3,"minecraft:sand":61,"minecraft:spider_eye":1,"minecraft:oak_sapling":3,"minecraft:coal":60,"minecraft:cobblestone":45},"minecraft:crafted":{"minecraft:cooked_beef":4,"minecraft:stone_shovel":1,"minecraft:cooked_porkchop":3,"minecraft:crafting_table":1,"minecraft:wooden_pickaxe":1,"minecraft:cooked_chicken":2,"minecraft:furnace":1,"minecraft:stone_axe":1,"minecraft:acacia_boat":1,"minecraft:air":0,"minecraft:stick":8,"minecraft:stone_pickaxe":1,"minecraft:stone_sword":1,"minecraft:acacia_planks":76,"minecraft:torch":12},"minecraft:used":{"minecraft:acacia_boat":1,"minecraft:stone_sword":26,"minecraft:stone_pickaxe":58,"minecraft:stone_shovel":46,"minecraft:shield":2,"minecraft:wooden_pickaxe":22,"minecraft:dirt":1,"minecraft:crafting_table":2,"minecraft:stone_axe":11,"minecraft:cooked_cod":2,"minecraft:furnace":1,"minecraft:cooked_porkchop":1,"minecraft:cooked_beef":1},"minecraft:custom":{"minecraft:interact_with_furnace":12,"minecraft:mob_kills":8,"minecraft:interact_with_crafting_table":7,"minecraft:leave_game":1,"minecraft:time_since_death":29155,"minecraft:time_since_rest":29155,"minecraft:sprint_one_cm":48919,"minecraft:damage_taken":220,"minecraft:walk_one_cm":45943,"minecraft:damage_blocked_by_shield":160,"minecraft:drop":3,"minecraft:damage_dealt":1169,"minecraft:swim_one_cm":12922,"minecraft:fly_one_cm":39748,"minecraft:open_chest":6,"minecraft:crouch_one_cm":9673,"minecraft:play_time":29155,"minecraft:sneak_time":2785,"minecraft:walk_under_water_one_cm":1194,"minecraft:boat_one_cm":286578,"minecraft:jump":238,"minecraft:walk_on_water_one_cm":4468,"minecraft:total_world_time":29155,"minecraft:fall_one_cm":5166}},"DataVersion":3465}