{"stats":{"minecraft:custom":{"minecraft:mob_kills":184,"minecraft:interact_with_crafting_table":49,"minecraft:bell_ring":1,"minecraft:leave_game":15,"minecraft:time_since_death":12809,"minecraft:climb_one_cm":7473,"minecraft:sprint_one_cm":1366009,"minecraft:walk_one_cm":809616,"minecraft:damage_blocked_by_shield":3745,"minecraft:drop":81,"minecraft:play_time":404030,"minecraft:sneak_time":37578,"minecraft:deaths":2,"minecraft:walk_under_water_one_cm":82516,"minecraft:boat_one_cm":660489,"minecraft:jump":7765,"minecraft:enchant_item":1,"minecraft:interact_with_blast_furnace":3,"minecraft:walk_on_water_one_cm":117642,"minecraft:total_world_time":404030,"minecraft:interact_with_furnace":189,"minecraft:interact_with_grindstone":1,"minecraft:sleep_in_bed":23,"minecraft:time_since_rest":12391,"minecraft:damage_taken":5969,"minecraft:damage_dealt":30987,"minecraft:swim_one_cm":249100,"minecraft:fly_one_cm":1238759,"minecraft:open_chest":112,"minecraft:crouch_one_cm":114879,"minecraft:interact_with_smoker":26,"minecraft:fall_one_cm":192652},"minecraft:used":{"minecraft:stone_sword":197,"minecraft:stone_shovel":83,"minecraft:chest":6,"minecraft:shield":131,"minecraft:iron_sword":408,"minecraft:stone_hoe":23,"minecraft:torch":251,"minecraft:dirt":149,"minecraft:spyglass":12,"minecraft:granite":1,"minecraft:axolotl_bucket":2,"minecraft:iron_hoe":21,"minecraft:lava_bucket":4,"minecraft:iron_axe":157,"minecraft:iron_boots":1,"minecraft:bamboo":14,"minecraft:sweet_berries":3,"minecraft:furnace":15,"minecraft:cooked_cod":2,"minecraft:acacia_fence":12,"minecraft:cooked_beef":27,"minecraft:potato":96,"minecraft:cobbled_deepslate":30,"minecraft:powder_snow_bucket":5,"minecraft:cooked_mutton":2,"minecraft:acacia_boat":16,"minecraft:water_bucket":72,"minecraft:baked_potato":51,"minecraft:oak_planks":42,"minecraft:stone_pickaxe":197,"minecraft:wooden_pickaxe":22,"minecraft:jungle_boat":2,"minecraft:sand":3,"minecraft:blast_furnace":1,"minecraft:crafting_table":10,"minecraft:smoker":1,"minecraft:white_bed":15,"minecraft:spruce_log":2,"minecraft:oak_log":4,"minecraft:melon_slice":46,"minecraft:iron_pickaxe":678,"minecraft:gravel":2,"minecraft:golden_helmet":1,"minecraft:stone_axe":71,"minecraft:cobblestone":148,"minecraft:cooked_porkchop":19,"minecraft:bucket":87,"minecraft:tropical_fish_bucket":1,"minecraft:coarse_dirt":9,"minecraft:bone_meal":27},"minecraft:mined":{"minecraft:tuff":2,"minecraft:white_bed":14,"minecraft:farmland":9,"minecraft:dark_oak_leaves":6,"minecraft:deepslate_diamond_ore":6,"minecraft:sculk_vein":1,"minecraft:jungle_leaves":6,"minecraft:dark_oak_log":39,"minecraft:granite":2,"minecraft:acacia_log":22,"minecraft:grass_block":9,"minecraft:jungle_log":19,"minecraft:spruce_leaves":25,"minecraft:sandstone":1,"minecraft:redstone_ore":6,"minecraft:furnace":12,"minecraft:iron_ore":94,"minecraft:pumpkin":1,"minecraft:deepslate_lapis_ore":16,"minecraft:sculk_shrieker":5,"minecraft:potatoes":67,"minecraft:deepslate_iron_ore":111,"minecraft:vine":4,"minecraft:bamboo":15,"minecraft:stone":139,"minecraft:deepslate_redstone_ore":9,"minecraft:acacia_leaves":2,"minecraft:kelp_plant":6,"minecraft:amethyst_cluster":9,"minecraft:dandelion":3,"minecraft:clay":1,"minecraft:crafting_table":7,"minecraft:emerald_ore":2,"minecraft:calcite":6,"minecraft:poppy":3,"minecraft:melon":9,"minecraft:chest":3,"minecraft:sculk_sensor":4,"minecraft:copper_ore":6,"minecraft:tall_grass":1,"minecraft:cobblestone":5,"minecraft:deepslate_gold_ore":20,"minecraft:lapis_ore":4,"minecraft:oak_planks":20,"minecraft:sugar_cane":15,"minecraft:wall_torch":1,"minecraft:sculk":11,"minecraft:amethyst_block":11,"minecraft:diorite":1,"minecraft:seagrass":1,"minecraft:gray_wool":2,"minecraft:coarse_dirt":2,"minecraft:birch_log":17,"minecraft:spruce_log":55,"minecraft:birch_leaves":11,"minecraft:grass":121,"minecraft:coal_ore":375,"minecraft:oak_log":15,"minecraft:cocoa":3,"minecraft:acacia_fence":12,"minecraft:gravel":3,"minecraft:sand":47,"minecraft:dirt":20,"minecraft:smooth_basalt":4,"minecraft:oak_leaves":11,"minecraft:deepslate":52,"minecraft:fern":33},"minecraft:dropped":{"minecraft:iron_ingot":4,"minecraft:acacia_boat":2,"minecraft:iron_sword":1,"minecraft:wheat_seeds":10,"minecraft:clock":1,"minecraft:golden_helmet":4,"minecraft:cooked_beef":3,"minecraft:baked_potato":3,"minecraft:crafting_table":2,"minecraft:feather":2,"minecraft:cobblestone":4,"minecraft:coal":11,"minecraft:flint":1,"minecraft:stick":9,"minecraft:dirt":20,"minecraft:torch":7,"minecraft:jungle_sapling":3,"minecraft:amethyst_shard":30,"minecraft:axolotl_bucket":1,"minecraft:sand":33,"minecraft:string":1,"minecraft:birch_log":5,"minecraft:bucket":1,"minecraft:acacia_planks":14,"minecraft:redstone":1,"minecraft:dandelion":3,"minecraft:smooth_basalt":4,"minecraft:bone":10,"minecraft:stone_axe":1,"minecraft:spyglass":1,"minecraft:iron_nugget":3,"minecraft:cooked_chicken":2,"minecraft:stone_sword":2,"minecraft:cobbled_deepslate":21,"minecraft:tuff":2,"minecraft:wheat":7,"minecraft:rotten_flesh":3,"minecraft:oak_planks":15,"minecraft:cooked_mutton":4,"minecraft:white_bed":4,"minecraft:blast_furnace":1,"minecraft:filled_map":1,"minecraft:poppy":2,"minecraft:shield":1,"minecraft:oak_sapling":6,"minecraft:acacia_sapling":4,"minecraft:chest":1,"minecraft:spider_eye":1,"minecraft:sandstone":10,"minecraft:stone_pickaxe":2,"minecraft:egg":1},"minecraft:killed":{"minecraft:spider":10,"minecraft:skeleton":44,"minecraft:chicken":3,"minecraft:pig":10,"minecraft:zombie_villager":1,"minecraft:bat":1,"minecraft:creeper":2,"minecraft:sheep":4,"minecraft:zombie":74,"minecraft:enderman":1,"minecraft:cow":28},"minecraft:picked_up":{"minecraft:iron_chestplate":1,"minecraft:mud":20,"minecraft:cocoa_beans":7,"minecraft:crafting_table":8,"minecraft:coarse_dirt":9,"minecraft:chicken":1,"minecraft:wooden_pickaxe":1,"minecraft:shield":2,"minecraft:amethyst_block":10,"minecraft:string":10,"minecraft:iron_axe":1,"minecraft:raw_copper":19,"minecraft:iron_leggings":1,"minecraft:iron_shovel":1,"minecraft:cobbled_deepslate":92,"minecraft:bucket":1,"minecraft:beef":40,"minecraft:calcite":6,"minecraft:jungle_sapling":3,"minecraft:iron_nugget":3,"minecraft:poppy":2,"minecraft:iron_pickaxe":2,"minecraft:melon_slice":46,"minecraft:sugar_cane":44,"minecraft:chest":3,"minecraft:birch_sapling":4,"minecraft:iron_boots":1,"minecraft:furnace":12,"minecraft:egg":2,"minecraft:golden_helmet":3,"minecraft:dark_oak_sapling":3,"minecraft:stick":32,"minecraft:raw_iron":212,"minecraft:sandstone":10,"minecraft:acacia_fence":12,"minecraft:torch":23,"minecraft:acacia_log":19,"minecraft:porkchop":19,"minecraft:pointed_dripstone":2,"minecraft:redstone":66,"minecraft:stone_sword":1,"minecraft:arrow":58,"minecraft:rotten_flesh":81,"minecraft:cooked_cod":1,"minecraft:saddle":1,"minecraft:gold_ingot":25,"minecraft:mutton":6,"minecraft:white_wool":4,"minecraft:cobblestone":239,"minecraft:birch_log":22,"minecraft:jungle_boat":1,"minecraft:feather":2,"minecraft:cooked_beef":14,"minecraft:water_bucket":1,"minecraft:jungle_log":17,"minecraft:leather":32,"minecraft:potato":262,"minecraft:filled_map":1,"minecraft:flint":1,"minecraft:tuff":2,"minecraft:oak_log":25,"minecraft:acacia_boat":14,"minecraft:lapis_lazuli":118,"minecraft:dirt":174,"minecraft:bone":60,"minecraft:acacia_planks":23,"minecraft:apple":1,"minecraft:kelp":55,"minecraft:bow":1,"minecraft:wheat_seeds":21,"minecraft:raw_gold":20,"minecraft:heart_of_the_sea":1,"minecraft:iron_ingot":9,"minecraft:stone_pickaxe":1,"minecraft:iron_sword":1,"minecraft:bamboo":31,"minecraft:oak_planks":20,"minecraft:acacia_sapling":4,"minecraft:smooth_basalt":4,"minecraft:sweet_berries":3,"minecraft:dripstone_block":9,"minecraft:axolotl_bucket":1,"minecraft:dandelion":3,"minecraft:spyglass":1,"minecraft:poisonous_potato":1,"minecraft:gravel":4,"minecraft:jungle_planks":25,"minecraft:sand":193,"minecraft:amethyst_shard":62,"minecraft:spruce_sapling":30,"minecraft:white_bed":18,"minecraft:spruce_log":84,"minecraft:dark_oak_log":39,"minecraft:spider_eye":3,"minecraft:iron_hoe":1,"minecraft:diamond":6,"minecraft:stone_axe":1,"minecraft:iron_helmet":1,"minecraft:granite":1,"minecraft:gray_wool":4,"minecraft:emerald":7,"minecraft:baked_potato":5,"minecraft:oak_sapling":5,"minecraft:coal":659},"minecraft:crafted":{"minecraft:oak_planks":84,"minecraft:stone_shovel":1,"minecraft:spyglass":3,"minecraft:cooked_chicken":2,"minecraft:furnace":4,"minecraft:bone_meal":27,"minecraft:cooked_mutton":6,"minecraft:iron_boots":2,"minecraft:iron_axe":2,"minecraft:iron_hoe":1,"minecraft:stone_pickaxe":2,"minecraft:chest":4,"minecraft:acacia_fence":12,"minecraft:stone_hoe":1,"minecraft:smoker":1,"minecraft:cooked_beef":40,"minecraft:cooked_porkchop":19,"minecraft:crafting_table":4,"minecraft:jungle_boat":1,"minecraft:iron_helmet":2,"minecraft:wooden_pickaxe":1,"minecraft:baked_potato":110,"minecraft:iron_sword":3,"minecraft:clock":1,"minecraft:copper_ingot":8,"minecraft:bucket":3,"minecraft:birch_planks":68,"minecraft:stone_axe":1,"minecraft:acacia_boat":4,"minecraft:air":0,"minecraft:jungle_planks":36,"minecraft:iron_chestplate":2,"minecraft:shield":1,"minecraft:stick":166,"minecraft:iron_ingot":230,"minecraft:iron_pickaxe":4,"minecraft:iron_block":14,"minecraft:stone_sword":2,"minecraft:iron_leggings":2,"minecraft:gold_ingot":23,"minecraft:white_bed":1,"minecraft:acacia_planks":76,"minecraft:torch":244},"minecraft:broken":{"minecraft:iron_pickaxe":2,"minecraft:iron_helmet":1}},"DataVersion":3465}