{"stats":{"minecraft:killed":{"minecraft:spider":3,"minecraft:skeleton":10,"minecraft:chicken":3,"minecraft:pig":10,"minecraft:bat":1,"minecraft:sheep":4,"minecraft:zombie":19,"minecraft:enderman":1,"minecraft:cow":15},"minecraft:mined":{"minecraft:white_bed":5,"minecraft:acacia_log":22,"minecraft:grass_block":5,"minecraft:sandstone":1,"minecraft:furnace":7,"minecraft:iron_ore":34,"minecraft:pumpkin":1,"minecraft:stone":89,"minecraft:acacia_leaves":2,"minecraft:kelp_plant":6,"minecraft:amethyst_cluster":9,"minecraft:dandelion":3,"minecraft:crafting_table":5,"minecraft:calcite":6,"minecraft:poppy":3,"minecraft:chest":3,"minecraft:sugar_cane":9,"minecraft:wall_torch":1,"minecraft:amethyst_block":11,"minecraft:seagrass":1,"minecraft:coarse_dirt":2,"minecraft:grass":42,"minecraft:oak_log":11,"minecraft:coal_ore":70,"minecraft:acacia_fence":12,"minecraft:gravel":3,"minecraft:sand":47,"minecraft:dirt":13,"minecraft:smooth_basalt":4,"minecraft:deepslate":20},"minecraft:dropped":{"minecraft:iron_ingot":2,"minecraft:golden_helmet":4,"minecraft:crafting_table":1,"minecraft:feather":2,"minecraft:coal":11,"minecraft:stick":2,"minecraft:dirt":20,"minecraft:sand":33,"minecraft:bucket":1,"minecraft:dandelion":3,"minecraft:smooth_basalt":4,"minecraft:cooked_chicken":2,"minecraft:stone_sword":2,"minecraft:cooked_mutton":4,"minecraft:filled_map":1,"minecraft:poppy":2,"minecraft:acacia_sapling":4,"minecraft:spider_eye":1,"minecraft:sandstone":10,"minecraft:stone_pickaxe":1,"minecraft:egg":1},"minecraft:crafted":{"minecraft:oak_planks":44,"minecraft:stone_shovel":1,"minecraft:cooked_chicken":2,"minecraft:furnace":3,"minecraft:cooked_mutton":6,"minecraft:iron_boots":1,"minecraft:stone_pickaxe":2,"minecraft:acacia_fence":12,"minecraft:cooked_beef":18,"minecraft:cooked_porkchop":19,"minecraft:crafting_table":1,"minecraft:wooden_pickaxe":1,"minecraft:iron_helmet":1,"minecraft:iron_sword":1,"minecraft:bucket":1,"minecraft:stone_axe":1,"minecraft:acacia_boat":2,"minecraft:air":0,"minecraft:iron_chestplate":1,"minecraft:stick":32,"minecraft:iron_ingot":34,"minecraft:iron_pickaxe":1,"minecraft:stone_sword":2,"minecraft:iron_leggings":1,"minecraft:white_bed":1,"minecraft:acacia_planks":76,"minecraft:torch":36},"minecraft:picked_up":{"minecraft:mud":20,"minecraft:crafting_table":7,"minecraft:coarse_dirt":9,"minecraft:chicken":1,"minecraft:wooden_pickaxe":1,"minecraft:shield":2,"minecraft:amethyst_block":10,"minecraft:string":5,"minecraft:cobbled_deepslate":20,"minecraft:bucket":1,"minecraft:beef":18,"minecraft:calcite":6,"minecraft:iron_nugget":3,"minecraft:poppy":2,"minecraft:iron_pickaxe":1,"minecraft:chest":3,"minecraft:sugar_cane":27,"minecraft:egg":2,"minecraft:furnace":7,"minecraft:golden_helmet":3,"minecraft:stick":8,"minecraft:raw_iron":45,"minecraft:sandstone":10,"minecraft:acacia_fence":12,"minecraft:torch":18,"minecraft:acacia_log":19,"minecraft:porkchop":19,"minecraft:stone_sword":1,"minecraft:arrow":19,"minecraft:rotten_flesh":36,"minecraft:cooked_cod":1,"minecraft:gold_ingot":3,"minecraft:mutton":6,"minecraft:white_wool":4,"minecraft:cobblestone":141,"minecraft:feather":2,"minecraft:leather":17,"minecraft:filled_map":1,"minecraft:flint":1,"minecraft:oak_log":11,"minecraft:acacia_boat":6,"minecraft:dirt":102,"minecraft:bone":25,"minecraft:acacia_planks":9,"minecraft:apple":1,"minecraft:kelp":55,"minecraft:bow":1,"minecraft:wheat_seeds":7,"minecraft:heart_of_the_sea":1,"minecraft:iron_ingot":2,"minecraft:stone_pickaxe":1,"minecraft:acacia_sapling":4,"minecraft:smooth_basalt":4,"minecraft:dandelion":3,"minecraft:gravel":4,"minecraft:sand":190,"minecraft:amethyst_shard":32,"minecraft:white_bed":5,"minecraft:spider_eye":1,"minecraft:stone_axe":1,"minecraft:emerald":5,"minecraft:oak_sapling":5,"minecraft:coal":278},"minecraft:used":{"minecraft:stone_sword":197,"minecraft:stone_shovel":59,"minecraft:chest":2,"minecraft:shield":68,"minecraft:iron_sword":12,"minecraft:torch":54,"minecraft:dirt":87,"minecraft:lava_bucket":4,"minecraft:furnace":8,"minecraft:cooked_cod":2,"minecraft:acacia_fence":12,"minecraft:cooked_beef":7,"minecraft:cobbled_deepslate":1,"minecraft:cooked_mutton":2,"minecraft:acacia_boat":8,"minecraft:water_bucket":50,"minecraft:stone_pickaxe":181,"minecraft:wooden_pickaxe":22,"minecraft:crafting_table":7,"minecraft:white_bed":5,"minecraft:iron_pickaxe":50,"minecraft:gravel":2,"minecraft:golden_helmet":1,"minecraft:stone_axe":38,"minecraft:cobblestone":140,"minecraft:cooked_porkchop":19,"minecraft:bucket":55,"minecraft:coarse_dirt":9},"minecraft:custom":{"minecraft:mob_kills":67,"minecraft:interact_with_crafting_table":18,"minecraft:leave_game":8,"minecraft:time_since_death":138141,"minecraft:sprint_one_cm":373706,"minecraft:walk_one_cm":255235,"minecraft:damage_blocked_by_shield":1810,"minecraft:drop":26,"minecraft:play_time":138141,"minecraft:sneak_time":12520,"minecraft:walk_under_water_one_cm":53015,"minecraft:boat_one_cm":316237,"minecraft:jump":2316,"minecraft:walk_on_water_one_cm":50124,"minecraft:total_world_time":138141,"minecraft:interact_with_furnace":58,"minecraft:sleep_in_bed":6,"minecraft:time_since_rest":14722,"minecraft:damage_taken":2055,"minecraft:damage_dealt":9000,"minecraft:fly_one_cm":364412,"minecraft:swim_one_cm":145638,"minecraft:open_chest":15,"minecraft:crouch_one_cm":40360,"minecraft:fall_one_cm":51633}},"DataVersion":3465}