{"stats":{"minecraft:killed":{"minecraft:pig":10,"minecraft:spider":3,"minecraft:sheep":4,"minecraft:skeleton":9,"minecraft:zombie":17,"minecraft:chicken":3,"minecraft:cow":15,"minecraft:enderman":1},"minecraft:mined":{"minecraft:acacia_leaves":2,"minecraft:white_bed":4,"minecraft:kelp_plant":6,"minecraft:dandelion":3,"minecraft:crafting_table":5,"minecraft:acacia_log":22,"minecraft:grass_block":5,"minecraft:poppy":3,"minecraft:chest":3,"minecraft:sugar_cane":9,"minecraft:sandstone":1,"minecraft:seagrass":1,"minecraft:furnace":7,"minecraft:iron_ore":34,"minecraft:pumpkin":1,"minecraft:grass":42,"minecraft:coal_ore":70,"minecraft:oak_log":11,"minecraft:sand":47,"minecraft:dirt":13,"minecraft:stone":89},"minecraft:dropped":{"minecraft:iron_ingot":2,"minecraft:golden_helmet":2,"minecraft:cooked_chicken":2,"minecraft:stone_sword":2,"minecraft:crafting_table":1,"minecraft:cooked_mutton":4,"minecraft:coal":11,"minecraft:stick":2,"minecraft:filled_map":1,"minecraft:poppy":2,"minecraft:dirt":20,"minecraft:acacia_sapling":4,"minecraft:spider_eye":1,"minecraft:sandstone":10,"minecraft:sand":33,"minecraft:stone_pickaxe":1,"minecraft:bucket":1,"minecraft:dandelion":3,"minecraft:egg":1},"minecraft:picked_up":{"minecraft:mud":20,"minecraft:crafting_table":7,"minecraft:feather":2,"minecraft:chicken":1,"minecraft:leather":17,"minecraft:wooden_pickaxe":1,"minecraft:filled_map":1,"minecraft:oak_log":11,"minecraft:shield":2,"minecraft:acacia_boat":5,"minecraft:string":5,"minecraft:dirt":97,"minecraft:bone":18,"minecraft:acacia_planks":9,"minecraft:apple":1,"minecraft:kelp":55,"minecraft:bow":1,"minecraft:wheat_seeds":7,"minecraft:bucket":1,"minecraft:heart_of_the_sea":1,"minecraft:iron_ingot":2,"minecraft:beef":18,"minecraft:stone_pickaxe":1,"minecraft:iron_nugget":3,"minecraft:poppy":2,"minecraft:iron_pickaxe":1,"minecraft:sugar_cane":27,"minecraft:chest":3,"minecraft:acacia_sapling":4,"minecraft:furnace":7,"minecraft:egg":2,"minecraft:golden_helmet":2,"minecraft:stick":8,"minecraft:raw_iron":45,"minecraft:sandstone":10,"minecraft:torch":17,"minecraft:dandelion":3,"minecraft:acacia_log":19,"minecraft:porkchop":19,"minecraft:sand":190,"minecraft:white_bed":4,"minecraft:spider_eye":1,"minecraft:stone_sword":1,"minecraft:arrow":14,"minecraft:rotten_flesh":31,"minecraft:cooked_cod":1,"minecraft:stone_axe":1,"minecraft:gold_ingot":3,"minecraft:emerald":5,"minecraft:oak_sapling":5,"minecraft:mutton":6,"minecraft:coal":278,"minecraft:white_wool":4,"minecraft:cobblestone":141},"minecraft:crafted":{"minecraft:cooked_beef":18,"minecraft:oak_planks":44,"minecraft:stone_shovel":1,"minecraft:cooked_porkchop":19,"minecraft:crafting_table":1,"minecraft:iron_helmet":1,"minecraft:wooden_pickaxe":1,"minecraft:cooked_chicken":2,"minecraft:iron_sword":1,"minecraft:furnace":3,"minecraft:bucket":1,"minecraft:stone_axe":1,"minecraft:acacia_boat":1,"minecraft:cooked_mutton":6,"minecraft:air":0,"minecraft:iron_chestplate":1,"minecraft:iron_boots":1,"minecraft:stick":12,"minecraft:iron_ingot":34,"minecraft:iron_pickaxe":1,"minecraft:stone_pickaxe":2,"minecraft:stone_sword":2,"minecraft:iron_leggings":1,"minecraft:white_bed":1,"minecraft:acacia_planks":76,"minecraft:torch":12},"minecraft:used":{"minecraft:cooked_mutton":2,"minecraft:acacia_boat":5,"minecraft:water_bucket":50,"minecraft:stone_sword":197,"minecraft:stone_pickaxe":181,"minecraft:stone_shovel":55,"minecraft:wooden_pickaxe":22,"minecraft:chest":2,"minecraft:shield":66,"minecraft:iron_sword":3,"minecraft:torch":22,"minecraft:dirt":13,"minecraft:crafting_table":6,"minecraft:white_bed":4,"minecraft:lava_bucket":4,"minecraft:golden_helmet":1,"minecraft:stone_axe":25,"minecraft:cobblestone":12,"minecraft:furnace":8,"minecraft:cooked_cod":2,"minecraft:cooked_porkchop":19,"minecraft:bucket":55,"minecraft:cooked_beef":4},"minecraft:custom":{"minecraft:interact_with_furnace":58,"minecraft:mob_kills":63,"minecraft:interact_with_crafting_table":16,"minecraft:leave_game":8,"minecraft:time_since_death":114141,"minecraft:sleep_in_bed":5,"minecraft:time_since_rest":4874,"minecraft:sprint_one_cm":304039,"minecraft:damage_taken":1913,"minecraft:walk_one_cm":184419,"minecraft:damage_blocked_by_shield":1775,"minecraft:drop":22,"minecraft:damage_dealt":8380,"minecraft:swim_one_cm":142623,"minecraft:fly_one_cm":331005,"minecraft:open_chest":14,"minecraft:crouch_one_cm":29766,"minecraft:play_time":114141,"minecraft:sneak_time":9585,"minecraft:walk_under_water_one_cm":52324,"minecraft:boat_one_cm":309573,"minecraft:jump":1898,"minecraft:walk_on_water_one_cm":49845,"minecraft:total_world_time":114141,"minecraft:fall_one_cm":42660}},"DataVersion":3465}