{"stats":{"minecraft:broken":{"minecraft:stone_pickaxe":1,"minecraft:stone_axe":1},"minecraft:custom":{"minecraft:mob_kills":47,"minecraft:interact_with_crafting_table":21,"minecraft:bell_ring":1,"minecraft:leave_game":7,"minecraft:time_since_death":11847,"minecraft:climb_one_cm":245,"minecraft:sprint_one_cm":695993,"minecraft:walk_one_cm":304717,"minecraft:damage_blocked_by_shield":1455,"minecraft:drop":5,"minecraft:play_time":144414,"minecraft:deaths":3,"minecraft:sneak_time":1656,"minecraft:walk_under_water_one_cm":21848,"minecraft:boat_one_cm":253530,"minecraft:jump":3969,"minecraft:walk_on_water_one_cm":15810,"minecraft:total_world_time":144414,"minecraft:interact_with_furnace":13,"minecraft:sleep_in_bed":7,"minecraft:time_since_rest":11870,"minecraft:damage_taken":2015,"minecraft:damage_dealt":5927,"minecraft:swim_one_cm":61420,"minecraft:fly_one_cm":795839,"minecraft:open_chest":51,"minecraft:crouch_one_cm":2590,"minecraft:interact_with_smoker":9,"minecraft:fall_one_cm":114229,"minecraft:horse_one_cm":13},"minecraft:crafted":{"minecraft:oak_planks":52,"minecraft:stone_shovel":1,"minecraft:furnace":2,"minecraft:cobblestone_stairs":8,"minecraft:bone_meal":3,"minecraft:cooked_mutton":11,"minecraft:iron_axe":1,"minecraft:stone_pickaxe":6,"minecraft:chest":2,"minecraft:birch_door":3,"minecraft:stone_hoe":2,"minecraft:crafting_table":1,"minecraft:spruce_planks":4,"minecraft:wooden_pickaxe":2,"minecraft:cooked_salmon":18,"minecraft:bucket":1,"minecraft:birch_planks":8,"minecraft:pumpkin_seeds":4,"minecraft:stone_axe":1,"minecraft:air":0,"minecraft:shield":1,"minecraft:stick":32,"minecraft:iron_pickaxe":1,"minecraft:stone_sword":3,"minecraft:iron_shovel":1,"minecraft:white_bed":2,"minecraft:acacia_planks":32,"minecraft:torch":144},"minecraft:mined":{"minecraft:tuff":1,"minecraft:white_bed":2,"minecraft:cobblestone_stairs":3,"minecraft:granite":5,"minecraft:acacia_log":8,"minecraft:grass_block":129,"minecraft:spruce_leaves":10,"minecraft:large_fern":7,"minecraft:carrots":4,"minecraft:iron_ore":116,"minecraft:andesite":9,"minecraft:pumpkin":6,"minecraft:deepslate_lapis_ore":4,"minecraft:potatoes":8,"minecraft:deepslate_iron_ore":15,"minecraft:stone":259,"minecraft:deepslate_redstone_ore":1,"minecraft:smoker":2,"minecraft:powder_snow":1,"minecraft:crafting_table":1,"minecraft:tall_grass":1,"minecraft:copper_ore":11,"minecraft:cobblestone":3,"minecraft:deepslate_gold_ore":6,"minecraft:grindstone":1,"minecraft:sugar_cane":46,"minecraft:wall_torch":2,"minecraft:acacia_sapling":3,"minecraft:birch_log":29,"minecraft:sweet_berry_bush":6,"minecraft:birch_leaves":9,"minecraft:grass":37,"minecraft:coal_ore":72,"minecraft:oak_log":146,"minecraft:gravel":8,"minecraft:dripstone_block":1,"minecraft:dirt":7,"minecraft:gold_ore":2,"minecraft:oak_leaves":41,"minecraft:deepslate":6,"minecraft:fern":1},"minecraft:killed":{"minecraft:spider":1,"minecraft:skeleton":13,"minecraft:salmon":18,"minecraft:bat":1,"minecraft:creeper":1,"minecraft:sheep":7,"minecraft:zombie":5,"minecraft:cow":1},"minecraft:killed_by":{"minecraft:zombie":2},"minecraft:used":{"minecraft:stone_sword":93,"minecraft:iron_shovel":61,"minecraft:stone_shovel":76,"minecraft:chest":2,"minecraft:shield":108,"minecraft:cooked_salmon":3,"minecraft:stone_hoe":80,"minecraft:torch":146,"minecraft:dirt":86,"minecraft:carrot":14,"minecraft:acacia_sapling":4,"minecraft:birch_door":2,"minecraft:iron_axe":133,"minecraft:furnace":2,"minecraft:egg":1,"minecraft:potato":20,"minecraft:acacia_planks":8,"minecraft:pumpkin":2,"minecraft:wheat_seeds":3,"minecraft:cooked_mutton":10,"minecraft:acacia_boat":4,"minecraft:water_bucket":2,"minecraft:cobblestone_stairs":8,"minecraft:stone_pickaxe":315,"minecraft:wooden_pickaxe":27,"minecraft:sugar_cane":36,"minecraft:crafting_table":2,"minecraft:white_bed":4,"minecraft:smoker":2,"minecraft:pumpkin_seeds":4,"minecraft:bread":28,"minecraft:iron_pickaxe":186,"minecraft:stone_axe":121,"minecraft:cobblestone":37,"minecraft:cooked_porkchop":2,"minecraft:grindstone":1,"minecraft:bucket":2,"minecraft:bone_meal":4},"minecraft:dropped":{"minecraft:granite":1,"minecraft:acacia_planks":9,"minecraft:iron_nugget":7,"minecraft:cobbled_deepslate":2,"minecraft:tuff":1},"minecraft:picked_up":{"minecraft:crafting_table":1,"minecraft:birch_door":1,"minecraft:string":1,"minecraft:raw_copper":38,"minecraft:cobbled_deepslate":2,"minecraft:beef":2,"minecraft:iron_nugget":7,"minecraft:sugar_cane":93,"minecraft:birch_sapling":7,"minecraft:egg":1,"minecraft:raw_iron":132,"minecraft:stick":41,"minecraft:torch":2,"minecraft:acacia_log":8,"minecraft:diorite":2,"minecraft:carrot":13,"minecraft:redstone":5,"minecraft:arrow":16,"minecraft:rotten_flesh":4,"minecraft:mutton":11,"minecraft:white_wool":8,"minecraft:cobblestone":293,"minecraft:birch_log":29,"minecraft:salmon":18,"minecraft:andesite":9,"minecraft:leather":1,"minecraft:smoker":2,"minecraft:potato":19,"minecraft:flint":1,"minecraft:tuff":1,"minecraft:oak_log":146,"minecraft:cobblestone_stairs":3,"minecraft:acacia_boat":5,"minecraft:lapis_lazuli":27,"minecraft:dirt":154,"minecraft:bone":7,"minecraft:acacia_planks":9,"minecraft:apple":4,"minecraft:bow":1,"minecraft:wheat_seeds":5,"minecraft:raw_gold":8,"minecraft:grindstone":1,"minecraft:acacia_sapling":4,"minecraft:pumpkin":6,"minecraft:sweet_berries":31,"minecraft:gravel":7,"minecraft:spruce_sapling":1,"minecraft:white_bed":2,"minecraft:granite":6,"minecraft:bone_meal":1,"minecraft:oak_sapling":60,"minecraft:coal":75}},"DataVersion":3465}