{"stats":{"minecraft:killed":{"minecraft:sheep":5,"minecraft:skeleton":1},"minecraft:mined":{"minecraft:acacia_sapling":3,"minecraft:carrots":2,"minecraft:crafting_table":1,"minecraft:grass":3,"minecraft:acacia_log":8,"minecraft:potatoes":4,"minecraft:coal_ore":18,"minecraft:copper_ore":7,"minecraft:tall_grass":1,"minecraft:stone":12,"minecraft:sugar_cane":9},"minecraft:crafted":{"minecraft:stone_shovel":1,"minecraft:stick":12,"minecraft:wooden_pickaxe":1,"minecraft:stone_pickaxe":1,"minecraft:stone_sword":1,"minecraft:white_bed":1,"minecraft:acacia_planks":32,"minecraft:stone_axe":1},"minecraft:picked_up":{"minecraft:crafting_table":1,"minecraft:acacia_log":8,"minecraft:potato":4,"minecraft:carrot":4,"minecraft:acacia_boat":4,"minecraft:raw_copper":23,"minecraft:sugar_cane":18,"minecraft:mutton":7,"minecraft:coal":18,"minecraft:acacia_sapling":4,"minecraft:white_wool":5,"minecraft:cobblestone":12},"minecraft:used":{"minecraft:acacia_boat":3,"minecraft:stone_sword":4,"minecraft:bread":2,"minecraft:stone_pickaxe":25,"minecraft:wooden_pickaxe":12,"minecraft:stone_axe":6,"minecraft:cobblestone":3,"minecraft:crafting_table":1,"minecraft:cooked_porkchop":2,"minecraft:carrot":2,"minecraft:white_bed":1},"minecraft:custom":{"minecraft:time_since_rest":1257,"minecraft:sprint_one_cm":76659,"minecraft:damage_taken":100,"minecraft:walk_one_cm":20596,"minecraft:mob_kills":6,"minecraft:damage_dealt":610,"minecraft:swim_one_cm":20726,"minecraft:interact_with_crafting_table":3,"minecraft:fly_one_cm":101472,"minecraft:open_chest":19,"minecraft:play_time":18733,"minecraft:sneak_time":64,"minecraft:walk_under_water_one_cm":5957,"minecraft:boat_one_cm":124515,"minecraft:jump":433,"minecraft:leave_game":2,"minecraft:walk_on_water_one_cm":3877,"minecraft:time_since_death":18733,"minecraft:sleep_in_bed":1,"minecraft:climb_one_cm":245,"minecraft:total_world_time":18733,"minecraft:fall_one_cm":11764,"minecraft:horse_one_cm":13}},"DataVersion":3465}