{"stats":{"minecraft:killed":{"minecraft:spider":1,"minecraft:sheep":7,"minecraft:skeleton":4,"minecraft:zombie":3},"minecraft:mined":{"minecraft:white_bed":1,"minecraft:smoker":2,"minecraft:cobblestone_stairs":3,"minecraft:crafting_table":1,"minecraft:acacia_log":8,"minecraft:cobblestone":3,"minecraft:tall_grass":1,"minecraft:copper_ore":7,"minecraft:spruce_leaves":7,"minecraft:grindstone":1,"minecraft:sugar_cane":17,"minecraft:wall_torch":2,"minecraft:large_fern":4,"minecraft:acacia_sapling":3,"minecraft:carrots":2,"minecraft:birch_log":6,"minecraft:sweet_berry_bush":6,"minecraft:birch_leaves":3,"minecraft:pumpkin":6,"minecraft:grass":3,"minecraft:coal_ore":60,"minecraft:potatoes":4,"minecraft:oak_log":46,"minecraft:gravel":8,"minecraft:stone":104,"minecraft:oak_leaves":17,"minecraft:fern":1},"minecraft:dropped":{"minecraft:granite":1,"minecraft:acacia_planks":9},"minecraft:crafted":{"minecraft:oak_planks":16,"minecraft:stone_shovel":1,"minecraft:crafting_table":1,"minecraft:spruce_planks":4,"minecraft:wooden_pickaxe":1,"minecraft:furnace":2,"minecraft:cobblestone_stairs":8,"minecraft:bucket":1,"minecraft:birch_planks":8,"minecraft:pumpkin_seeds":4,"minecraft:stone_axe":1,"minecraft:cooked_mutton":11,"minecraft:air":0,"minecraft:shield":1,"minecraft:stick":16,"minecraft:stone_pickaxe":2,"minecraft:stone_sword":1,"minecraft:chest":2,"minecraft:white_bed":2,"minecraft:birch_door":3,"minecraft:acacia_planks":32,"minecraft:torch":12},"minecraft:picked_up":{"minecraft:birch_log":6,"minecraft:birch_door":1,"minecraft:crafting_table":1,"minecraft:smoker":2,"minecraft:potato":4,"minecraft:flint":1,"minecraft:oak_log":46,"minecraft:cobblestone_stairs":3,"minecraft:acacia_boat":4,"minecraft:dirt":18,"minecraft:string":1,"minecraft:raw_copper":23,"minecraft:bone":1,"minecraft:acacia_planks":9,"minecraft:bow":1,"minecraft:wheat_seeds":1,"minecraft:grindstone":1,"minecraft:sugar_cane":38,"minecraft:acacia_sapling":4,"minecraft:stick":2,"minecraft:pumpkin":6,"minecraft:sweet_berries":31,"minecraft:torch":2,"minecraft:acacia_log":8,"minecraft:gravel":7,"minecraft:spruce_sapling":1,"minecraft:white_bed":1,"minecraft:carrot":4,"minecraft:arrow":5,"minecraft:rotten_flesh":4,"minecraft:granite":1,"minecraft:oak_sapling":2,"minecraft:mutton":11,"minecraft:coal":61,"minecraft:white_wool":8,"minecraft:cobblestone":112},"minecraft:broken":{"minecraft:stone_pickaxe":1},"minecraft:used":{"minecraft:acacia_boat":3,"minecraft:stone_sword":55,"minecraft:cobblestone_stairs":8,"minecraft:stone_shovel":8,"minecraft:stone_pickaxe":170,"minecraft:shield":3,"minecraft:chest":2,"minecraft:wooden_pickaxe":12,"minecraft:torch":14,"minecraft:dirt":18,"minecraft:crafting_table":2,"minecraft:carrot":2,"minecraft:white_bed":3,"minecraft:smoker":2,"minecraft:birch_door":2,"minecraft:bread":15,"minecraft:stone_axe":83,"minecraft:cobblestone":10,"minecraft:furnace":2,"minecraft:grindstone":1,"minecraft:cooked_porkchop":2,"minecraft:acacia_planks":8,"minecraft:pumpkin":2},"minecraft:custom":{"minecraft:interact_with_furnace":9,"minecraft:mob_kills":15,"minecraft:interact_with_crafting_table":14,"minecraft:bell_ring":1,"minecraft:leave_game":2,"minecraft:time_since_death":54733,"minecraft:sleep_in_bed":4,"minecraft:climb_one_cm":245,"minecraft:time_since_rest":4515,"minecraft:sprint_one_cm":259951,"minecraft:damage_taken":548,"minecraft:walk_one_cm":99873,"minecraft:damage_blocked_by_shield":205,"minecraft:drop":2,"minecraft:damage_dealt":2357,"minecraft:swim_one_cm":24752,"minecraft:fly_one_cm":288892,"minecraft:open_chest":28,"minecraft:crouch_one_cm":732,"minecraft:play_time":54733,"minecraft:sneak_time":558,"minecraft:walk_under_water_one_cm":6383,"minecraft:boat_one_cm":124515,"minecraft:jump":1421,"minecraft:walk_on_water_one_cm":6128,"minecraft:interact_with_smoker":1,"minecraft:total_world_time":54733,"minecraft:fall_one_cm":38694,"minecraft:horse_one_cm":13}},"DataVersion":3465}