{"stats":{"minecraft:killed":{"minecraft:skeleton":1},"minecraft:mined":{"minecraft:grass":3,"minecraft:acacia_log":8,"minecraft:tall_grass":1,"minecraft:stone":12,"minecraft:crafting_table":1},"minecraft:picked_up":{"minecraft:crafting_table":1,"minecraft:acacia_log":8,"minecraft:cobblestone":12},"minecraft:crafted":{"minecraft:stone_sword":1,"minecraft:stone_shovel":1,"minecraft:acacia_planks":32,"minecraft:stone_axe":1,"minecraft:stick":12,"minecraft:wooden_pickaxe":1,"minecraft:stone_pickaxe":1},"minecraft:used":{"minecraft:stone_axe":1,"minecraft:stone_sword":4,"minecraft:cobblestone":3,"minecraft:cooked_porkchop":1,"minecraft:wooden_pickaxe":12},"minecraft:custom":{"minecraft:open_chest":1,"minecraft:time_since_rest":6865,"minecraft:play_time":6865,"minecraft:sprint_one_cm":29645,"minecraft:damage_taken":90,"minecraft:walk_one_cm":9128,"minecraft:walk_under_water_one_cm":185,"minecraft:mob_kills":1,"minecraft:jump":213,"minecraft:damage_dealt":210,"minecraft:leave_game":1,"minecraft:time_since_death":6865,"minecraft:walk_on_water_one_cm":842,"minecraft:climb_one_cm":245,"minecraft:total_world_time":6865,"minecraft:swim_one_cm":4759,"minecraft:interact_with_crafting_table":2,"minecraft:fall_one_cm":6231,"minecraft:fly_one_cm":51696,"minecraft:horse_one_cm":13}},"DataVersion":3465}