{"stats":{"minecraft:killed":{"minecraft:sheep":7,"minecraft:skeleton":1,"minecraft:zombie":1},"minecraft:mined":{"minecraft:large_fern":1,"minecraft:acacia_sapling":3,"minecraft:carrots":2,"minecraft:sweet_berry_bush":6,"minecraft:smoker":1,"minecraft:pumpkin":6,"minecraft:crafting_table":1,"minecraft:grass":3,"minecraft:acacia_log":8,"minecraft:potatoes":4,"minecraft:coal_ore":18,"minecraft:copper_ore":7,"minecraft:tall_grass":1,"minecraft:spruce_leaves":7,"minecraft:grindstone":1,"minecraft:stone":12,"minecraft:sugar_cane":17,"minecraft:fern":1},"minecraft:crafted":{"minecraft:stone_shovel":1,"minecraft:stick":12,"minecraft:wooden_pickaxe":1,"minecraft:stone_pickaxe":1,"minecraft:stone_sword":1,"minecraft:white_bed":1,"minecraft:acacia_planks":32,"minecraft:stone_axe":1},"minecraft:picked_up":{"minecraft:crafting_table":1,"minecraft:sweet_berries":31,"minecraft:pumpkin":6,"minecraft:acacia_log":8,"minecraft:smoker":1,"minecraft:potato":4,"minecraft:spruce_sapling":1,"minecraft:carrot":4,"minecraft:acacia_boat":4,"minecraft:raw_copper":23,"minecraft:rotten_flesh":1,"minecraft:grindstone":1,"minecraft:sugar_cane":38,"minecraft:mutton":10,"minecraft:coal":18,"minecraft:acacia_sapling":4,"minecraft:white_wool":7,"minecraft:cobblestone":12},"minecraft:used":{"minecraft:acacia_boat":3,"minecraft:stone_sword":21,"minecraft:bread":7,"minecraft:stone_pickaxe":28,"minecraft:wooden_pickaxe":12,"minecraft:stone_axe":20,"minecraft:cobblestone":3,"minecraft:crafting_table":1,"minecraft:cooked_porkchop":2,"minecraft:carrot":2,"minecraft:white_bed":1,"minecraft:acacia_planks":8,"minecraft:pumpkin":2},"minecraft:custom":{"minecraft:time_since_rest":8115,"minecraft:sprint_one_cm":183200,"minecraft:damage_taken":223,"minecraft:walk_one_cm":35892,"minecraft:mob_kills":9,"minecraft:damage_dealt":1128,"minecraft:swim_one_cm":24752,"minecraft:interact_with_crafting_table":3,"minecraft:fly_one_cm":218250,"minecraft:open_chest":21,"minecraft:crouch_one_cm":384,"minecraft:play_time":30733,"minecraft:bell_ring":1,"minecraft:sneak_time":202,"minecraft:walk_under_water_one_cm":6383,"minecraft:boat_one_cm":124515,"minecraft:jump":967,"minecraft:leave_game":2,"minecraft:walk_on_water_one_cm":6128,"minecraft:time_since_death":30733,"minecraft:sleep_in_bed":2,"minecraft:climb_one_cm":245,"minecraft:total_world_time":30733,"minecraft:fall_one_cm":26521,"minecraft:horse_one_cm":13}},"DataVersion":3465}