{"stats":{"minecraft:broken":{"minecraft:stone_pickaxe":1,"minecraft:stone_axe":1},"minecraft:custom":{"minecraft:mob_kills":59,"minecraft:interact_with_crafting_table":32,"minecraft:bell_ring":1,"minecraft:leave_game":11,"minecraft:time_since_death":118648,"minecraft:climb_one_cm":663,"minecraft:sprint_one_cm":1240048,"minecraft:walk_one_cm":527109,"minecraft:damage_blocked_by_shield":1455,"minecraft:drop":12,"minecraft:play_time":251215,"minecraft:deaths":3,"minecraft:sneak_time":4099,"minecraft:walk_under_water_one_cm":33363,"minecraft:boat_one_cm":419412,"minecraft:jump":7221,"minecraft:walk_on_water_one_cm":36007,"minecraft:total_world_time":251215,"minecraft:interact_with_furnace":28,"minecraft:play_record":2,"minecraft:interact_with_grindstone":2,"minecraft:sleep_in_bed":14,"minecraft:time_since_rest":14485,"minecraft:damage_taken":3141,"minecraft:damage_dealt":8306,"minecraft:swim_one_cm":101316,"minecraft:fly_one_cm":1530060,"minecraft:open_chest":75,"minecraft:crouch_one_cm":7444,"minecraft:interact_with_smoker":25,"minecraft:fall_one_cm":227097,"minecraft:horse_one_cm":13},"minecraft:crafted":{"minecraft:oak_planks":52,"minecraft:stone_shovel":1,"minecraft:jukebox":1,"minecraft:furnace":2,"minecraft:cobblestone_stairs":8,"minecraft:bone_meal":111,"minecraft:cooked_mutton":11,"minecraft:iron_boots":1,"minecraft:iron_axe":2,"minecraft:stone_pickaxe":6,"minecraft:chest":2,"minecraft:spruce_boat":1,"minecraft:birch_door":3,"minecraft:stone_hoe":4,"minecraft:crafting_table":2,"minecraft:spruce_planks":16,"minecraft:enchanting_table":1,"minecraft:iron_helmet":1,"minecraft:wooden_pickaxe":2,"minecraft:baked_potato":55,"minecraft:iron_sword":1,"minecraft:cooked_salmon":18,"minecraft:birch_planks":8,"minecraft:bucket":2,"minecraft:pumpkin_seeds":4,"minecraft:stone_axe":1,"minecraft:air":0,"minecraft:iron_chestplate":1,"minecraft:book":1,"minecraft:diamond_pickaxe":1,"minecraft:shield":1,"minecraft:stick":36,"minecraft:iron_ingot":34,"minecraft:iron_pickaxe":2,"minecraft:stone_sword":3,"minecraft:iron_shovel":2,"minecraft:iron_leggings":1,"minecraft:white_bed":2,"minecraft:acacia_planks":32,"minecraft:torch":204},"minecraft:mined":{"minecraft:tuff":1,"minecraft:white_bed":2,"minecraft:deepslate_diamond_ore":4,"minecraft:cobblestone_stairs":3,"minecraft:granite":9,"minecraft:acacia_log":8,"minecraft:grass_block":301,"minecraft:spruce_leaves":88,"minecraft:large_fern":8,"minecraft:carrots":13,"minecraft:iron_ore":161,"minecraft:andesite":12,"minecraft:pumpkin":6,"minecraft:deepslate_lapis_ore":4,"minecraft:potatoes":63,"minecraft:deepslate_iron_ore":15,"minecraft:stone":278,"minecraft:podzol":2,"minecraft:deepslate_redstone_ore":7,"minecraft:light_gray_carpet":1,"minecraft:smoker":2,"minecraft:powder_snow":10,"minecraft:crafting_table":1,"minecraft:blast_furnace":1,"minecraft:tall_grass":3,"minecraft:copper_ore":11,"minecraft:cobblestone":5,"minecraft:lapis_ore":4,"minecraft:deepslate_gold_ore":6,"minecraft:grindstone":1,"minecraft:sugar_cane":46,"minecraft:diorite":2,"minecraft:wall_torch":2,"minecraft:acacia_sapling":3,"minecraft:birch_log":29,"minecraft:sweet_berry_bush":6,"minecraft:white_carpet":2,"minecraft:spruce_log":187,"minecraft:birch_leaves":9,"minecraft:light_gray_wool":1,"minecraft:grass":57,"minecraft:oak_log":156,"minecraft:coal_ore":102,"minecraft:beetroots":2,"minecraft:gravel":8,"minecraft:dripstone_block":3,"minecraft:dirt":50,"minecraft:gold_ore":2,"minecraft:oak_leaves":45,"minecraft:deepslate":30,"minecraft:fern":1},"minecraft:killed":{"minecraft:spider":2,"minecraft:skeleton":17,"minecraft:salmon":18,"minecraft:bat":1,"minecraft:creeper":3,"minecraft:sheep":7,"minecraft:zombie":10,"minecraft:cow":1},"minecraft:killed_by":{"minecraft:zombie":2},"minecraft:used":{"minecraft:stone_sword":105,"minecraft:enchanting_table":1,"minecraft:iron_shovel":280,"minecraft:stone_shovel":76,"minecraft:chest":2,"minecraft:shield":108,"minecraft:iron_sword":31,"minecraft:cooked_salmon":18,"minecraft:stone_hoe":202,"minecraft:torch":183,"minecraft:spyglass":1,"minecraft:dirt":162,"minecraft:carrot":45,"minecraft:acacia_sapling":4,"minecraft:music_disc_13":1,"minecraft:birch_door":2,"minecraft:spruce_boat":2,"minecraft:iron_axe":362,"minecraft:light_gray_wool":1,"minecraft:furnace":2,"minecraft:beetroot_seeds":11,"minecraft:egg":3,"minecraft:cobbled_deepslate":7,"minecraft:potato":121,"minecraft:acacia_planks":8,"minecraft:pumpkin":2,"minecraft:wheat_seeds":7,"minecraft:cooked_mutton":10,"minecraft:water_bucket":11,"minecraft:acacia_boat":4,"minecraft:cobblestone_stairs":8,"minecraft:stone_pickaxe":358,"minecraft:baked_potato":26,"minecraft:wooden_pickaxe":27,"minecraft:sugar_cane":36,"minecraft:music_disc_cat":1,"minecraft:crafting_table":3,"minecraft:white_bed":4,"minecraft:pumpkin_seeds":4,"minecraft:smoker":2,"minecraft:diamond_pickaxe":54,"minecraft:bread":29,"minecraft:iron_pickaxe":241,"minecraft:stone_axe":121,"minecraft:cobblestone":68,"minecraft:grindstone":1,"minecraft:cooked_porkchop":2,"minecraft:bucket":11,"minecraft:jukebox":1,"minecraft:bone_meal":112},"minecraft:dropped":{"minecraft:wheat_seeds":2,"minecraft:oak_log":20,"minecraft:granite":1,"minecraft:saddle":1,"minecraft:acacia_planks":9,"minecraft:spyglass":1,"minecraft:iron_nugget":7,"minecraft:cobbled_deepslate":2,"minecraft:tuff":1,"minecraft:rotten_flesh":1},"minecraft:picked_up":{"minecraft:crafting_table":1,"minecraft:birch_door":1,"minecraft:music_disc_cat":1,"minecraft:string":1,"minecraft:raw_copper":38,"minecraft:white_carpet":2,"minecraft:beetroot":2,"minecraft:cobbled_deepslate":25,"minecraft:beef":2,"minecraft:jungle_sapling":3,"minecraft:iron_nugget":7,"minecraft:light_gray_wool":1,"minecraft:sugar_cane":93,"minecraft:birch_sapling":7,"minecraft:egg":3,"minecraft:stick":81,"minecraft:raw_iron":184,"minecraft:torch":2,"minecraft:acacia_log":8,"minecraft:diorite":4,"minecraft:carrot":36,"minecraft:redstone":30,"minecraft:arrow":16,"minecraft:rotten_flesh":11,"minecraft:beetroot_seeds":7,"minecraft:mutton":11,"minecraft:white_wool":8,"minecraft:cobblestone":324,"minecraft:birch_log":29,"minecraft:andesite":12,"minecraft:salmon":18,"minecraft:leather":1,"minecraft:smoker":2,"minecraft:potato":207,"minecraft:flint":1,"minecraft:tuff":1,"minecraft:oak_log":166,"minecraft:cobblestone_stairs":3,"minecraft:acacia_boat":5,"minecraft:gunpowder":4,"minecraft:lapis_lazuli":52,"minecraft:dirt":404,"minecraft:bone":26,"minecraft:acacia_planks":9,"minecraft:apple":4,"minecraft:bow":1,"minecraft:wheat_seeds":9,"minecraft:raw_gold":8,"minecraft:grindstone":1,"minecraft:iron_ingot":2,"minecraft:acacia_sapling":4,"minecraft:pumpkin":6,"minecraft:music_disc_13":1,"minecraft:sweet_berries":37,"minecraft:axolotl_bucket":1,"minecraft:spyglass":1,"minecraft:dripstone_block":3,"minecraft:gravel":7,"minecraft:amethyst_shard":30,"minecraft:spruce_sapling":70,"minecraft:blast_furnace":1,"minecraft:white_bed":2,"minecraft:spruce_log":187,"minecraft:diamond":4,"minecraft:spruce_boat":2,"minecraft:granite":10,"minecraft:bone_meal":1,"minecraft:baked_potato":3,"minecraft:oak_sapling":70,"minecraft:light_gray_carpet":1,"minecraft:coal":103}},"DataVersion":3465}