{"stats":{"minecraft:broken":{"minecraft:stone_pickaxe":1,"minecraft:stone_axe":1},"minecraft:custom":{"minecraft:mob_kills":25,"minecraft:interact_with_crafting_table":16,"minecraft:bell_ring":1,"minecraft:leave_game":7,"minecraft:time_since_death":114661,"minecraft:climb_one_cm":245,"minecraft:sprint_one_cm":564945,"minecraft:walk_one_cm":229518,"minecraft:damage_blocked_by_shield":205,"minecraft:drop":5,"minecraft:play_time":114661,"minecraft:sneak_time":1616,"minecraft:walk_under_water_one_cm":11216,"minecraft:boat_one_cm":253530,"minecraft:jump":3214,"minecraft:walk_on_water_one_cm":10113,"minecraft:total_world_time":114661,"minecraft:interact_with_furnace":9,"minecraft:sleep_in_bed":6,"minecraft:time_since_rest":26765,"minecraft:damage_taken":1366,"minecraft:damage_dealt":4618,"minecraft:swim_one_cm":36035,"minecraft:fly_one_cm":668223,"minecraft:open_chest":40,"minecraft:crouch_one_cm":2590,"minecraft:interact_with_smoker":2,"minecraft:fall_one_cm":92352,"minecraft:horse_one_cm":13},"minecraft:crafted":{"minecraft:oak_planks":16,"minecraft:stone_shovel":1,"minecraft:furnace":2,"minecraft:cobblestone_stairs":8,"minecraft:bone_meal":3,"minecraft:cooked_mutton":11,"minecraft:iron_axe":1,"minecraft:stone_pickaxe":2,"minecraft:chest":2,"minecraft:birch_door":3,"minecraft:stone_hoe":2,"minecraft:crafting_table":1,"minecraft:spruce_planks":4,"minecraft:wooden_pickaxe":1,"minecraft:bucket":1,"minecraft:birch_planks":8,"minecraft:pumpkin_seeds":4,"minecraft:stone_axe":1,"minecraft:air":0,"minecraft:shield":1,"minecraft:stick":16,"minecraft:iron_pickaxe":1,"minecraft:stone_sword":1,"minecraft:iron_shovel":1,"minecraft:white_bed":2,"minecraft:acacia_planks":32,"minecraft:torch":144},"minecraft:mined":{"minecraft:tuff":1,"minecraft:white_bed":1,"minecraft:cobblestone_stairs":3,"minecraft:granite":2,"minecraft:acacia_log":8,"minecraft:grass_block":127,"minecraft:spruce_leaves":7,"minecraft:large_fern":4,"minecraft:carrots":2,"minecraft:iron_ore":114,"minecraft:andesite":4,"minecraft:pumpkin":6,"minecraft:deepslate_lapis_ore":4,"minecraft:potatoes":6,"minecraft:deepslate_iron_ore":15,"minecraft:stone":129,"minecraft:deepslate_redstone_ore":1,"minecraft:smoker":2,"minecraft:powder_snow":1,"minecraft:crafting_table":1,"minecraft:tall_grass":1,"minecraft:copper_ore":11,"minecraft:cobblestone":3,"minecraft:deepslate_gold_ore":6,"minecraft:grindstone":1,"minecraft:sugar_cane":24,"minecraft:wall_torch":2,"minecraft:acacia_sapling":3,"minecraft:birch_log":29,"minecraft:sweet_berry_bush":6,"minecraft:birch_leaves":9,"minecraft:grass":6,"minecraft:coal_ore":60,"minecraft:oak_log":137,"minecraft:gravel":8,"minecraft:dripstone_block":1,"minecraft:dirt":4,"minecraft:gold_ore":2,"minecraft:oak_leaves":38,"minecraft:deepslate":6,"minecraft:fern":1},"minecraft:killed":{"minecraft:spider":1,"minecraft:skeleton":10,"minecraft:bat":1,"minecraft:creeper":1,"minecraft:sheep":7,"minecraft:zombie":5},"minecraft:used":{"minecraft:stone_sword":55,"minecraft:iron_shovel":61,"minecraft:stone_shovel":76,"minecraft:chest":2,"minecraft:shield":3,"minecraft:stone_hoe":80,"minecraft:torch":146,"minecraft:dirt":82,"minecraft:carrot":4,"minecraft:acacia_sapling":4,"minecraft:birch_door":2,"minecraft:iron_axe":132,"minecraft:furnace":2,"minecraft:egg":1,"minecraft:potato":11,"minecraft:acacia_planks":8,"minecraft:pumpkin":2,"minecraft:cooked_mutton":10,"minecraft:acacia_boat":4,"minecraft:water_bucket":2,"minecraft:cobblestone_stairs":8,"minecraft:stone_pickaxe":170,"minecraft:wooden_pickaxe":12,"minecraft:sugar_cane":36,"minecraft:crafting_table":2,"minecraft:white_bed":3,"minecraft:smoker":2,"minecraft:pumpkin_seeds":4,"minecraft:bread":28,"minecraft:iron_pickaxe":186,"minecraft:stone_axe":121,"minecraft:cobblestone":36,"minecraft:cooked_porkchop":2,"minecraft:grindstone":1,"minecraft:bucket":2,"minecraft:bone_meal":3},"minecraft:dropped":{"minecraft:granite":1,"minecraft:acacia_planks":9,"minecraft:iron_nugget":7,"minecraft:cobbled_deepslate":2,"minecraft:tuff":1},"minecraft:picked_up":{"minecraft:crafting_table":1,"minecraft:birch_door":1,"minecraft:string":1,"minecraft:raw_copper":37,"minecraft:cobbled_deepslate":2,"minecraft:iron_nugget":7,"minecraft:sugar_cane":58,"minecraft:birch_sapling":7,"minecraft:egg":1,"minecraft:raw_iron":130,"minecraft:stick":41,"minecraft:torch":2,"minecraft:acacia_log":8,"minecraft:carrot":4,"minecraft:redstone":5,"minecraft:arrow":14,"minecraft:rotten_flesh":4,"minecraft:mutton":11,"minecraft:white_wool":8,"minecraft:cobblestone":163,"minecraft:birch_log":29,"minecraft:andesite":4,"minecraft:smoker":2,"minecraft:potato":10,"minecraft:flint":1,"minecraft:tuff":1,"minecraft:oak_log":137,"minecraft:cobblestone_stairs":3,"minecraft:acacia_boat":5,"minecraft:lapis_lazuli":27,"minecraft:dirt":149,"minecraft:bone":5,"minecraft:acacia_planks":9,"minecraft:apple":4,"minecraft:bow":1,"minecraft:wheat_seeds":2,"minecraft:raw_gold":8,"minecraft:grindstone":1,"minecraft:acacia_sapling":4,"minecraft:pumpkin":6,"minecraft:sweet_berries":31,"minecraft:gravel":7,"minecraft:spruce_sapling":1,"minecraft:white_bed":1,"minecraft:granite":3,"minecraft:oak_sapling":59,"minecraft:coal":63}},"DataVersion":3465}