{"stats":{"minecraft:broken":{"minecraft:stone_pickaxe":1,"minecraft:stone_axe":1},"minecraft:custom":{"minecraft:mob_kills":50,"minecraft:interact_with_crafting_table":30,"minecraft:bell_ring":1,"minecraft:leave_game":8,"minecraft:time_since_death":59612,"minecraft:climb_one_cm":245,"minecraft:sprint_one_cm":928880,"minecraft:walk_one_cm":425962,"minecraft:damage_blocked_by_shield":1455,"minecraft:drop":9,"minecraft:play_time":192179,"minecraft:deaths":3,"minecraft:sneak_time":2404,"minecraft:walk_under_water_one_cm":21864,"minecraft:boat_one_cm":287382,"minecraft:jump":5239,"minecraft:walk_on_water_one_cm":18502,"minecraft:total_world_time":192179,"minecraft:interact_with_furnace":22,"minecraft:play_record":2,"minecraft:sleep_in_bed":10,"minecraft:time_since_rest":5271,"minecraft:damage_taken":2610,"minecraft:damage_dealt":6536,"minecraft:swim_one_cm":62434,"minecraft:fly_one_cm":1051876,"minecraft:open_chest":72,"minecraft:crouch_one_cm":3384,"minecraft:interact_with_smoker":22,"minecraft:fall_one_cm":159154,"minecraft:horse_one_cm":13},"minecraft:crafted":{"minecraft:oak_planks":52,"minecraft:stone_shovel":1,"minecraft:jukebox":1,"minecraft:furnace":2,"minecraft:cobblestone_stairs":8,"minecraft:bone_meal":111,"minecraft:cooked_mutton":11,"minecraft:iron_boots":1,"minecraft:iron_axe":2,"minecraft:stone_pickaxe":6,"minecraft:chest":2,"minecraft:birch_door":3,"minecraft:stone_hoe":4,"minecraft:crafting_table":1,"minecraft:enchanting_table":1,"minecraft:spruce_planks":4,"minecraft:iron_helmet":1,"minecraft:baked_potato":55,"minecraft:wooden_pickaxe":2,"minecraft:iron_sword":1,"minecraft:cooked_salmon":18,"minecraft:pumpkin_seeds":4,"minecraft:bucket":2,"minecraft:birch_planks":8,"minecraft:stone_axe":1,"minecraft:air":0,"minecraft:iron_chestplate":1,"minecraft:book":1,"minecraft:shield":1,"minecraft:stick":36,"minecraft:iron_ingot":34,"minecraft:iron_pickaxe":2,"minecraft:stone_sword":3,"minecraft:iron_shovel":2,"minecraft:iron_leggings":1,"minecraft:white_bed":2,"minecraft:acacia_planks":32,"minecraft:torch":144},"minecraft:mined":{"minecraft:tuff":1,"minecraft:white_bed":2,"minecraft:cobblestone_stairs":3,"minecraft:granite":5,"minecraft:acacia_log":8,"minecraft:grass_block":251,"minecraft:spruce_leaves":88,"minecraft:large_fern":8,"minecraft:carrots":4,"minecraft:iron_ore":143,"minecraft:andesite":9,"minecraft:pumpkin":6,"minecraft:deepslate_lapis_ore":4,"minecraft:potatoes":62,"minecraft:deepslate_iron_ore":15,"minecraft:stone":270,"minecraft:deepslate_redstone_ore":1,"minecraft:smoker":2,"minecraft:powder_snow":1,"minecraft:crafting_table":1,"minecraft:tall_grass":3,"minecraft:copper_ore":11,"minecraft:cobblestone":5,"minecraft:deepslate_gold_ore":6,"minecraft:grindstone":1,"minecraft:sugar_cane":46,"minecraft:wall_torch":2,"minecraft:acacia_sapling":3,"minecraft:birch_log":29,"minecraft:sweet_berry_bush":6,"minecraft:spruce_log":187,"minecraft:birch_leaves":9,"minecraft:grass":40,"minecraft:oak_log":156,"minecraft:coal_ore":74,"minecraft:gravel":8,"minecraft:dripstone_block":1,"minecraft:dirt":43,"minecraft:gold_ore":2,"minecraft:oak_leaves":45,"minecraft:deepslate":6,"minecraft:fern":1},"minecraft:killed":{"minecraft:spider":1,"minecraft:skeleton":14,"minecraft:salmon":18,"minecraft:bat":1,"minecraft:creeper":2,"minecraft:sheep":7,"minecraft:zombie":6,"minecraft:cow":1},"minecraft:killed_by":{"minecraft:zombie":2},"minecraft:used":{"minecraft:enchanting_table":1,"minecraft:stone_sword":105,"minecraft:iron_shovel":218,"minecraft:stone_shovel":76,"minecraft:chest":2,"minecraft:shield":108,"minecraft:cooked_salmon":18,"minecraft:stone_hoe":80,"minecraft:torch":146,"minecraft:dirt":94,"minecraft:spyglass":1,"minecraft:carrot":14,"minecraft:acacia_sapling":4,"minecraft:music_disc_13":1,"minecraft:birch_door":2,"minecraft:iron_axe":362,"minecraft:furnace":2,"minecraft:beetroot_seeds":4,"minecraft:egg":2,"minecraft:potato":118,"minecraft:acacia_planks":8,"minecraft:pumpkin":2,"minecraft:wheat_seeds":3,"minecraft:cooked_mutton":10,"minecraft:acacia_boat":4,"minecraft:water_bucket":2,"minecraft:cobblestone_stairs":8,"minecraft:stone_pickaxe":358,"minecraft:wooden_pickaxe":27,"minecraft:sugar_cane":36,"minecraft:music_disc_cat":1,"minecraft:crafting_table":2,"minecraft:white_bed":4,"minecraft:pumpkin_seeds":4,"minecraft:smoker":2,"minecraft:bread":28,"minecraft:iron_pickaxe":186,"minecraft:stone_axe":121,"minecraft:cobblestone":37,"minecraft:cooked_porkchop":2,"minecraft:grindstone":1,"minecraft:bucket":3,"minecraft:jukebox":1,"minecraft:bone_meal":112},"minecraft:dropped":{"minecraft:wheat_seeds":2,"minecraft:granite":1,"minecraft:saddle":1,"minecraft:acacia_planks":9,"minecraft:spyglass":1,"minecraft:iron_nugget":7,"minecraft:cobbled_deepslate":2,"minecraft:tuff":1},"minecraft:picked_up":{"minecraft:birch_door":1,"minecraft:crafting_table":1,"minecraft:music_disc_cat":1,"minecraft:string":1,"minecraft:raw_copper":38,"minecraft:cobbled_deepslate":2,"minecraft:beef":2,"minecraft:jungle_sapling":3,"minecraft:iron_nugget":7,"minecraft:sugar_cane":93,"minecraft:birch_sapling":7,"minecraft:egg":2,"minecraft:raw_iron":166,"minecraft:stick":80,"minecraft:torch":2,"minecraft:acacia_log":8,"minecraft:diorite":2,"minecraft:carrot":13,"minecraft:redstone":5,"minecraft:arrow":16,"minecraft:rotten_flesh":10,"minecraft:mutton":11,"minecraft:white_wool":8,"minecraft:cobblestone":314,"minecraft:birch_log":29,"minecraft:salmon":18,"minecraft:andesite":9,"minecraft:leather":1,"minecraft:smoker":2,"minecraft:potato":204,"minecraft:flint":1,"minecraft:tuff":1,"minecraft:oak_log":156,"minecraft:gunpowder":2,"minecraft:cobblestone_stairs":3,"minecraft:acacia_boat":5,"minecraft:lapis_lazuli":27,"minecraft:dirt":312,"minecraft:bone":20,"minecraft:acacia_planks":9,"minecraft:apple":4,"minecraft:bow":1,"minecraft:wheat_seeds":7,"minecraft:raw_gold":8,"minecraft:iron_ingot":2,"minecraft:grindstone":1,"minecraft:acacia_sapling":4,"minecraft:music_disc_13":1,"minecraft:pumpkin":6,"minecraft:sweet_berries":31,"minecraft:spyglass":1,"minecraft:axolotl_bucket":1,"minecraft:dripstone_block":2,"minecraft:gravel":7,"minecraft:amethyst_shard":30,"minecraft:spruce_sapling":70,"minecraft:white_bed":2,"minecraft:spruce_log":187,"minecraft:granite":6,"minecraft:bone_meal":1,"minecraft:baked_potato":3,"minecraft:oak_sapling":70,"minecraft:coal":75}},"DataVersion":3465}