{"stats":{"minecraft:killed":{"minecraft:sheep":7,"minecraft:skeleton":2,"minecraft:zombie":1},"minecraft:mined":{"minecraft:smoker":2,"minecraft:cobblestone_stairs":1,"minecraft:crafting_table":1,"minecraft:acacia_log":8,"minecraft:tall_grass":1,"minecraft:copper_ore":7,"minecraft:spruce_leaves":7,"minecraft:grindstone":1,"minecraft:sugar_cane":17,"minecraft:wall_torch":1,"minecraft:large_fern":1,"minecraft:acacia_sapling":3,"minecraft:carrots":2,"minecraft:birch_log":6,"minecraft:sweet_berry_bush":6,"minecraft:birch_leaves":3,"minecraft:pumpkin":6,"minecraft:grass":3,"minecraft:coal_ore":18,"minecraft:potatoes":4,"minecraft:oak_log":4,"minecraft:stone":55,"minecraft:oak_leaves":1,"minecraft:fern":1},"minecraft:dropped":{"minecraft:granite":1,"minecraft:acacia_planks":9},"minecraft:crafted":{"minecraft:oak_planks":16,"minecraft:stone_shovel":1,"minecraft:crafting_table":1,"minecraft:spruce_planks":4,"minecraft:wooden_pickaxe":1,"minecraft:furnace":2,"minecraft:cobblestone_stairs":4,"minecraft:birch_planks":8,"minecraft:stone_axe":1,"minecraft:stick":12,"minecraft:stone_pickaxe":1,"minecraft:stone_sword":1,"minecraft:chest":2,"minecraft:white_bed":2,"minecraft:birch_door":3,"minecraft:acacia_planks":32,"minecraft:torch":12},"minecraft:picked_up":{"minecraft:birch_log":6,"minecraft:crafting_table":1,"minecraft:smoker":2,"minecraft:potato":4,"minecraft:oak_log":4,"minecraft:cobblestone_stairs":1,"minecraft:acacia_boat":4,"minecraft:raw_copper":23,"minecraft:bone":1,"minecraft:acacia_planks":9,"minecraft:grindstone":1,"minecraft:sugar_cane":38,"minecraft:acacia_sapling":4,"minecraft:pumpkin":6,"minecraft:sweet_berries":31,"minecraft:torch":1,"minecraft:acacia_log":8,"minecraft:spruce_sapling":1,"minecraft:carrot":4,"minecraft:arrow":1,"minecraft:rotten_flesh":1,"minecraft:granite":1,"minecraft:mutton":11,"minecraft:coal":18,"minecraft:white_wool":8,"minecraft:cobblestone":55},"minecraft:used":{"minecraft:acacia_boat":3,"minecraft:stone_sword":21,"minecraft:cobblestone_stairs":2,"minecraft:stone_pickaxe":73,"minecraft:chest":2,"minecraft:wooden_pickaxe":12,"minecraft:torch":8,"minecraft:crafting_table":2,"minecraft:carrot":2,"minecraft:white_bed":2,"minecraft:smoker":1,"minecraft:birch_door":1,"minecraft:bread":10,"minecraft:stone_axe":36,"minecraft:cobblestone":3,"minecraft:furnace":2,"minecraft:grindstone":1,"minecraft:cooked_porkchop":2,"minecraft:acacia_planks":8,"minecraft:pumpkin":2},"minecraft:custom":{"minecraft:mob_kills":10,"minecraft:interact_with_crafting_table":10,"minecraft:bell_ring":1,"minecraft:leave_game":2,"minecraft:time_since_death":42733,"minecraft:sleep_in_bed":3,"minecraft:climb_one_cm":245,"minecraft:time_since_rest":406,"minecraft:sprint_one_cm":230585,"minecraft:damage_taken":307,"minecraft:walk_one_cm":58672,"minecraft:drop":2,"minecraft:damage_dealt":1418,"minecraft:swim_one_cm":24752,"minecraft:fly_one_cm":274627,"minecraft:open_chest":23,"minecraft:crouch_one_cm":669,"minecraft:play_time":42733,"minecraft:sneak_time":318,"minecraft:walk_under_water_one_cm":6383,"minecraft:boat_one_cm":124515,"minecraft:jump":1275,"minecraft:walk_on_water_one_cm":6128,"minecraft:total_world_time":42733,"minecraft:fall_one_cm":35173,"minecraft:horse_one_cm":13}},"DataVersion":3465}