{"stats":{"minecraft:killed_by":{"minecraft:zombie":2},"minecraft:custom":{"minecraft:mob_kills":85,"minecraft:interact_with_crafting_table":39,"minecraft:bell_ring":1,"minecraft:leave_game":14,"minecraft:time_since_death":218507,"minecraft:climb_one_cm":10872,"minecraft:sprint_one_cm":1573718,"minecraft:walk_one_cm":707751,"minecraft:damage_blocked_by_shield":1455,"minecraft:drop":25,"minecraft:play_time":351074,"minecraft:deaths":3,"minecraft:sneak_time":24049,"minecraft:walk_under_water_one_cm":50016,"minecraft:boat_one_cm":516207,"minecraft:jump":9228,"minecraft:walk_on_water_one_cm":82181,"minecraft:total_world_time":351074,"minecraft:interact_with_furnace":50,"minecraft:play_record":2,"minecraft:interact_with_grindstone":2,"minecraft:sleep_in_bed":17,"minecraft:time_since_rest":50084,"minecraft:damage_taken":4341,"minecraft:damage_dealt":13168,"minecraft:swim_one_cm":149020,"minecraft:fly_one_cm":1894839,"minecraft:open_chest":83,"minecraft:crouch_one_cm":79109,"minecraft:fall_one_cm":296381,"minecraft:interact_with_smoker":25,"minecraft:horse_one_cm":13},"minecraft:used":{"minecraft:stone_sword":105,"minecraft:enchanting_table":1,"minecraft:iron_shovel":293,"minecraft:flint_and_steel":3,"minecraft:stone_shovel":76,"minecraft:chest":4,"minecraft:shield":108,"minecraft:iron_sword":129,"minecraft:cooked_salmon":18,"minecraft:stone_hoe":333,"minecraft:netherrack":238,"minecraft:torch":258,"minecraft:spyglass":1,"minecraft:dirt":292,"minecraft:carrot":45,"minecraft:acacia_sapling":4,"minecraft:music_disc_13":1,"minecraft:cyan_wool":11,"minecraft:obsidian":21,"minecraft:birch_door":2,"minecraft:spruce_boat":4,"minecraft:iron_axe":381,"minecraft:light_gray_wool":1,"minecraft:furnace":3,"minecraft:beetroot_seeds":11,"minecraft:egg":3,"minecraft:cooked_beef":3,"minecraft:potato":121,"minecraft:cobbled_deepslate":41,"minecraft:acacia_planks":8,"minecraft:pumpkin":2,"minecraft:wheat_seeds":12,"minecraft:cooked_mutton":10,"minecraft:water_bucket":20,"minecraft:acacia_boat":4,"minecraft:diorite":10,"minecraft:cobblestone_stairs":8,"minecraft:baked_potato":58,"minecraft:stone_pickaxe":358,"minecraft:wooden_pickaxe":27,"minecraft:sugar_cane":36,"minecraft:music_disc_cat":1,"minecraft:crafting_table":6,"minecraft:white_bed":4,"minecraft:pumpkin_seeds":4,"minecraft:smoker":2,"minecraft:diamond_pickaxe":676,"minecraft:diamond_shovel":30,"minecraft:iron_pickaxe":254,"minecraft:bread":29,"minecraft:stone_axe":121,"minecraft:cobblestone":68,"minecraft:grindstone":1,"minecraft:cooked_porkchop":2,"minecraft:bucket":20,"minecraft:jukebox":1,"minecraft:bone_meal":112},"minecraft:mined":{"minecraft:tuff":1,"minecraft:white_bed":2,"minecraft:deepslate_diamond_ore":6,"minecraft:cobblestone_stairs":3,"minecraft:jungle_leaves":79,"minecraft:obsidian":35,"minecraft:granite":14,"minecraft:acacia_log":8,"minecraft:grass_block":305,"minecraft:crimson_roots":4,"minecraft:cracked_polished_blackstone_bricks":10,"minecraft:spruce_leaves":88,"minecraft:crimson_fungus":2,"minecraft:gilded_blackstone":3,"minecraft:large_fern":8,"minecraft:polished_blackstone_bricks":28,"minecraft:furnace":1,"minecraft:carrots":13,"minecraft:nether_sprouts":1,"minecraft:iron_ore":161,"minecraft:cobbled_deepslate":3,"minecraft:fire":3,"minecraft:andesite":14,"minecraft:pumpkin":6,"minecraft:deepslate_lapis_ore":10,"minecraft:sculk_shrieker":1,"minecraft:potatoes":63,"minecraft:vine":2,"minecraft:deepslate_iron_ore":40,"minecraft:bamboo":1,"minecraft:stone":311,"minecraft:podzol":2,"minecraft:deepslate_redstone_ore":7,"minecraft:light_gray_carpet":1,"minecraft:blackstone":9,"minecraft:twisting_vines_plant":1,"minecraft:crimson_nylium":3,"minecraft:smoker":2,"minecraft:basalt":1,"minecraft:powder_snow":10,"minecraft:crafting_table":1,"minecraft:blast_furnace":1,"minecraft:melon":10,"minecraft:warped_roots":2,"minecraft:sculk_sensor":1,"minecraft:copper_ore":11,"minecraft:tall_grass":3,"minecraft:cobblestone":5,"minecraft:deepslate_gold_ore":23,"minecraft:lapis_ore":4,"minecraft:grindstone":1,"minecraft:sugar_cane":46,"minecraft:diorite":11,"minecraft:wall_torch":2,"minecraft:cyan_wool":11,"minecraft:warped_nylium":10,"minecraft:acacia_sapling":3,"minecraft:nether_wart_block":1,"minecraft:birch_log":29,"minecraft:wheat":2,"minecraft:sweet_berry_bush":6,"minecraft:ice":1,"minecraft:white_carpet":2,"minecraft:spruce_log":187,"minecraft:birch_leaves":9,"minecraft:light_gray_wool":1,"minecraft:warped_fungus":6,"minecraft:grass":63,"minecraft:oak_log":156,"minecraft:coal_ore":102,"minecraft:cocoa":3,"minecraft:beetroots":2,"minecraft:gravel":13,"minecraft:dripstone_block":3,"minecraft:dirt":87,"minecraft:netherrack":392,"minecraft:gold_ore":2,"minecraft:oak_leaves":96,"minecraft:deepslate":63,"minecraft:fern":2},"minecraft:dropped":{"minecraft:iron_sword":1,"minecraft:wheat_seeds":2,"minecraft:oak_log":20,"minecraft:warped_roots":4,"minecraft:granite":1,"minecraft:saddle":1,"minecraft:dirt":21,"minecraft:gold_nugget":6,"minecraft:acacia_planks":9,"minecraft:gravel":5,"minecraft:spyglass":1,"minecraft:iron_nugget":7,"minecraft:twisting_vines":5,"minecraft:stone_sword":1,"minecraft:cobbled_deepslate":2,"minecraft:tuff":1,"minecraft:rotten_flesh":1,"minecraft:light_gray_carpet":1,"minecraft:spruce_planks":11,"minecraft:magma_cream":7,"minecraft:netherrack":45},"minecraft:killed":{"minecraft:spider":3,"minecraft:skeleton":23,"minecraft:piglin_brute":1,"minecraft:piglin":2,"minecraft:salmon":18,"minecraft:bat":1,"minecraft:hoglin":1,"minecraft:creeper":3,"minecraft:sheep":7,"minecraft:zombie":17,"minecraft:enderman":1,"minecraft:cow":8},"minecraft:picked_up":{"minecraft:cocoa_beans":9,"minecraft:crafting_table":1,"minecraft:birch_door":1,"minecraft:wheat":2,"minecraft:gilded_blackstone":3,"minecraft:music_disc_cat":1,"minecraft:string":3,"minecraft:raw_copper":38,"minecraft:white_carpet":2,"minecraft:beetroot":2,"minecraft:cobbled_deepslate":74,"minecraft:spruce_planks":8,"minecraft:beef":18,"minecraft:cyan_wool":11,"minecraft:jungle_sapling":4,"minecraft:iron_nugget":7,"minecraft:light_gray_wool":1,"minecraft:melon_slice":52,"minecraft:sugar_cane":93,"minecraft:birch_sapling":7,"minecraft:furnace":1,"minecraft:egg":3,"minecraft:stick":81,"minecraft:raw_iron":209,"minecraft:torch":2,"minecraft:acacia_log":8,"minecraft:polished_blackstone_bricks":28,"minecraft:diorite":13,"minecraft:carrot":36,"minecraft:redstone":30,"minecraft:arrow":21,"minecraft:rotten_flesh":16,"minecraft:beetroot_seeds":7,"minecraft:obsidian":33,"minecraft:mutton":11,"minecraft:white_wool":8,"minecraft:cobblestone":359,"minecraft:birch_log":29,"minecraft:cooked_beef":7,"minecraft:basalt":1,"minecraft:andesite":14,"minecraft:salmon":18,"minecraft:leather":7,"minecraft:smoker":2,"minecraft:potato":207,"minecraft:flint":1,"minecraft:crimson_fungus":2,"minecraft:tuff":1,"minecraft:oak_log":166,"minecraft:acacia_boat":5,"minecraft:gunpowder":4,"minecraft:cobblestone_stairs":3,"minecraft:lapis_lazuli":91,"minecraft:dirt":466,"minecraft:twisting_vines":5,"minecraft:bone":30,"minecraft:acacia_planks":9,"minecraft:apple":4,"minecraft:bow":2,"minecraft:wheat_seeds":14,"minecraft:raw_gold":25,"minecraft:grindstone":1,"minecraft:iron_ingot":2,"minecraft:bamboo":8,"minecraft:iron_sword":1,"minecraft:acacia_sapling":4,"minecraft:warped_fungus":7,"minecraft:pumpkin":6,"minecraft:music_disc_13":1,"minecraft:sweet_berries":37,"minecraft:axolotl_bucket":1,"minecraft:spyglass":1,"minecraft:dripstone_block":3,"minecraft:gravel":12,"minecraft:amethyst_shard":30,"minecraft:spruce_sapling":70,"minecraft:blast_furnace":1,"minecraft:white_bed":2,"minecraft:spruce_log":187,"minecraft:diamond":6,"minecraft:spruce_boat":3,"minecraft:granite":15,"minecraft:bone_meal":1,"minecraft:warped_roots":4,"minecraft:baked_potato":3,"minecraft:oak_sapling":70,"minecraft:light_gray_carpet":1,"minecraft:netherrack":403,"minecraft:coal":103,"minecraft:crimson_roots":4},"minecraft:crafted":{"minecraft:oak_planks":52,"minecraft:stone_shovel":1,"minecraft:jukebox":1,"minecraft:iron_nugget":54,"minecraft:furnace":3,"minecraft:cobblestone_stairs":8,"minecraft:bone_meal":111,"minecraft:cooked_mutton":11,"minecraft:flint_and_steel":1,"minecraft:iron_boots":1,"minecraft:iron_axe":2,"minecraft:stone_pickaxe":6,"minecraft:chest":4,"minecraft:spruce_boat":2,"minecraft:birch_door":3,"minecraft:stone_hoe":5,"minecraft:cooked_beef":9,"minecraft:crafting_table":5,"minecraft:spruce_planks":48,"minecraft:enchanting_table":1,"minecraft:iron_helmet":1,"minecraft:wooden_pickaxe":2,"minecraft:baked_potato":55,"minecraft:iron_sword":1,"minecraft:cooked_salmon":18,"minecraft:bucket":2,"minecraft:birch_planks":8,"minecraft:pumpkin_seeds":4,"minecraft:stone_axe":1,"minecraft:air":0,"minecraft:iron_chestplate":1,"minecraft:book":1,"minecraft:diamond_pickaxe":1,"minecraft:shield":1,"minecraft:stick":36,"minecraft:iron_ingot":41,"minecraft:iron_pickaxe":2,"minecraft:stone_sword":3,"minecraft:iron_shovel":2,"minecraft:iron_leggings":1,"minecraft:white_bed":2,"minecraft:acacia_planks":32,"minecraft:torch":256},"minecraft:broken":{"minecraft:stone_hoe":1,"minecraft:stone_pickaxe":1,"minecraft:stone_axe":1}},"DataVersion":3465}