{"stats":{"minecraft:custom":{"minecraft:interact_with_furnace":9,"minecraft:mob_kills":20,"minecraft:interact_with_crafting_table":16,"minecraft:bell_ring":1,"minecraft:leave_game":6,"minecraft:time_since_death":104630,"minecraft:sleep_in_bed":6,"minecraft:climb_one_cm":245,"minecraft:time_since_rest":16734,"minecraft:sprint_one_cm":513507,"minecraft:damage_taken":1006,"minecraft:walk_one_cm":200171,"minecraft:damage_blocked_by_shield":205,"minecraft:drop":3,"minecraft:damage_dealt":3497,"minecraft:swim_one_cm":36035,"minecraft:fly_one_cm":642633,"minecraft:open_chest":40,"minecraft:crouch_one_cm":1211,"minecraft:play_time":104630,"minecraft:sneak_time":982,"minecraft:walk_under_water_one_cm":10828,"minecraft:boat_one_cm":253530,"minecraft:jump":3034,"minecraft:walk_on_water_one_cm":9417,"minecraft:total_world_time":104630,"minecraft:interact_with_smoker":2,"minecraft:fall_one_cm":88843,"minecraft:horse_one_cm":13},"minecraft:broken":{"minecraft:stone_pickaxe":1,"minecraft:stone_axe":1},"minecraft:crafted":{"minecraft:oak_planks":16,"minecraft:stone_shovel":1,"minecraft:crafting_table":1,"minecraft:spruce_planks":4,"minecraft:wooden_pickaxe":1,"minecraft:furnace":2,"minecraft:cobblestone_stairs":8,"minecraft:bucket":1,"minecraft:bone_meal":3,"minecraft:birch_planks":8,"minecraft:pumpkin_seeds":4,"minecraft:stone_axe":1,"minecraft:cooked_mutton":11,"minecraft:air":0,"minecraft:shield":1,"minecraft:iron_axe":1,"minecraft:stick":16,"minecraft:iron_pickaxe":1,"minecraft:stone_pickaxe":2,"minecraft:stone_sword":1,"minecraft:chest":2,"minecraft:iron_shovel":1,"minecraft:white_bed":2,"minecraft:birch_door":3,"minecraft:acacia_planks":32,"minecraft:torch":88,"minecraft:stone_hoe":2},"minecraft:mined":{"minecraft:white_bed":1,"minecraft:smoker":2,"minecraft:cobblestone_stairs":3,"minecraft:powder_snow":1,"minecraft:crafting_table":1,"minecraft:acacia_log":8,"minecraft:grass_block":127,"minecraft:copper_ore":11,"minecraft:tall_grass":1,"minecraft:cobblestone":3,"minecraft:spruce_leaves":7,"minecraft:grindstone":1,"minecraft:sugar_cane":24,"minecraft:wall_torch":2,"minecraft:large_fern":4,"minecraft:acacia_sapling":3,"minecraft:carrots":2,"minecraft:birch_log":29,"minecraft:iron_ore":59,"minecraft:sweet_berry_bush":6,"minecraft:birch_leaves":9,"minecraft:pumpkin":6,"minecraft:grass":6,"minecraft:potatoes":6,"minecraft:oak_log":137,"minecraft:coal_ore":60,"minecraft:gravel":8,"minecraft:dirt":4,"minecraft:stone":119,"minecraft:oak_leaves":38,"minecraft:fern":1},"minecraft:killed":{"minecraft:spider":1,"minecraft:bat":1,"minecraft:creeper":1,"minecraft:sheep":7,"minecraft:skeleton":7,"minecraft:zombie":3},"minecraft:used":{"minecraft:cooked_mutton":6,"minecraft:acacia_boat":4,"minecraft:water_bucket":2,"minecraft:stone_sword":55,"minecraft:cobblestone_stairs":8,"minecraft:iron_shovel":61,"minecraft:stone_shovel":76,"minecraft:stone_pickaxe":170,"minecraft:chest":2,"minecraft:wooden_pickaxe":12,"minecraft:shield":3,"minecraft:sugar_cane":36,"minecraft:stone_hoe":80,"minecraft:torch":90,"minecraft:dirt":82,"minecraft:crafting_table":2,"minecraft:white_bed":3,"minecraft:carrot":4,"minecraft:acacia_sapling":4,"minecraft:pumpkin_seeds":4,"minecraft:smoker":2,"minecraft:birch_door":2,"minecraft:iron_axe":117,"minecraft:bread":28,"minecraft:iron_pickaxe":78,"minecraft:stone_axe":121,"minecraft:cobblestone":10,"minecraft:grindstone":1,"minecraft:furnace":2,"minecraft:cooked_porkchop":2,"minecraft:bucket":2,"minecraft:egg":1,"minecraft:potato":11,"minecraft:acacia_planks":8,"minecraft:pumpkin":2,"minecraft:bone_meal":3},"minecraft:dropped":{"minecraft:iron_nugget":7,"minecraft:granite":1,"minecraft:acacia_planks":9},"minecraft:picked_up":{"minecraft:birch_log":29,"minecraft:birch_door":1,"minecraft:crafting_table":1,"minecraft:smoker":2,"minecraft:potato":10,"minecraft:flint":1,"minecraft:oak_log":137,"minecraft:acacia_boat":5,"minecraft:cobblestone_stairs":3,"minecraft:dirt":149,"minecraft:string":1,"minecraft:raw_copper":37,"minecraft:bone":2,"minecraft:acacia_planks":9,"minecraft:apple":4,"minecraft:bow":1,"minecraft:wheat_seeds":2,"minecraft:grindstone":1,"minecraft:iron_nugget":7,"minecraft:sugar_cane":58,"minecraft:birch_sapling":7,"minecraft:acacia_sapling":4,"minecraft:egg":1,"minecraft:stick":41,"minecraft:raw_iron":60,"minecraft:pumpkin":6,"minecraft:sweet_berries":31,"minecraft:torch":2,"minecraft:acacia_log":8,"minecraft:gravel":7,"minecraft:spruce_sapling":1,"minecraft:white_bed":1,"minecraft:carrot":4,"minecraft:arrow":9,"minecraft:rotten_flesh":4,"minecraft:granite":1,"minecraft:oak_sapling":59,"minecraft:mutton":11,"minecraft:coal":63,"minecraft:white_wool":8,"minecraft:cobblestone":145}},"DataVersion":3465}