{"stats":{"minecraft:killed":{"minecraft:spider":1,"minecraft:creeper":1,"minecraft:skeleton":1,"minecraft:zombie":1},"minecraft:mined":{"minecraft:acacia_leaves":3,"minecraft:white_bed":1,"minecraft:kelp_plant":8,"minecraft:crafting_table":4,"minecraft:torch":4,"minecraft:acacia_log":12,"minecraft:grass_block":3,"minecraft:chest":1,"minecraft:oak_planks":3,"minecraft:kelp":5,"minecraft:sugar_cane":16,"minecraft:mangrove_propagule":2,"minecraft:seagrass":1,"minecraft:carrots":27,"minecraft:mud":20,"minecraft:wheat":25,"minecraft:yellow_bed":3,"minecraft:grass":56,"minecraft:potatoes":22,"minecraft:coal_ore":13,"minecraft:beetroots":4,"minecraft:dirt":6,"minecraft:sand":134,"minecraft:stone":78},"minecraft:dropped":{"minecraft:kelp":6,"minecraft:filled_map":2,"minecraft:shield":4},"minecraft:broken":{"minecraft:stone_shovel":1},"minecraft:crafted":{"minecraft:stone_shovel":1,"minecraft:crafting_table":2,"minecraft:wooden_pickaxe":1,"minecraft:bone_meal":12,"minecraft:stone_axe":1,"minecraft:shield":3,"minecraft:stick":12,"minecraft:iron_ingot":1,"minecraft:iron_pickaxe":1,"minecraft:stone_pickaxe":1,"minecraft:chest":2,"minecraft:gold_ingot":1,"minecraft:acacia_planks":64,"minecraft:torch":16},"minecraft:picked_up":{"minecraft:mud":20,"minecraft:crafting_table":4,"minecraft:chicken":1,"minecraft:potato":24,"minecraft:filled_map":2,"minecraft:yellow_bed":3,"minecraft:shield":2,"minecraft:string":1,"minecraft:dirt":9,"minecraft:bone":5,"minecraft:apple":1,"minecraft:kelp":6,"minecraft:bow":1,"minecraft:wheat_seeds":27,"minecraft:gold_nugget":9,"minecraft:heart_of_the_sea":2,"minecraft:iron_ingot":6,"minecraft:iron_nugget":6,"minecraft:glass_bottle":1,"minecraft:sugar_cane":27,"minecraft:chest":1,"minecraft:oak_planks":3,"minecraft:stick":2,"minecraft:sandstone":1,"minecraft:acacia_log":16,"minecraft:torch":4,"minecraft:sand":130,"minecraft:white_bed":1,"minecraft:carrot":36,"minecraft:arrow":6,"minecraft:rotten_flesh":3,"minecraft:cooked_cod":9,"minecraft:beetroot_seeds":4,"minecraft:stone_axe":1,"minecraft:gold_ingot":6,"minecraft:emerald":7,"minecraft:oak_sapling":2,"minecraft:mangrove_propagule":2,"minecraft:coal":15,"minecraft:cobblestone":78},"minecraft:used":{"minecraft:stone_shovel":131,"minecraft:stone_pickaxe":86,"minecraft:oak_planks":3,"minecraft:wooden_pickaxe":14,"minecraft:chest":3,"minecraft:shield":4,"minecraft:sugar_cane":9,"minecraft:torch":6,"minecraft:dirt":4,"minecraft:crafting_table":5,"minecraft:carrot":41,"minecraft:white_bed":1,"minecraft:bread":5,"minecraft:stone_axe":19,"minecraft:cooked_cod":3,"minecraft:yellow_bed":3,"minecraft:potato":29,"minecraft:bone_meal":12},"minecraft:killed_by":{"minecraft:zombie":1},"minecraft:custom":{"minecraft:interact_with_furnace":4,"minecraft:mob_kills":4,"minecraft:interact_with_crafting_table":14,"minecraft:leave_game":1,"minecraft:time_since_death":15387,"minecraft:sleep_in_bed":1,"minecraft:climb_one_cm":76,"minecraft:time_since_rest":8458,"minecraft:sprint_one_cm":103424,"minecraft:damage_taken":535,"minecraft:walk_one_cm":135427,"minecraft:damage_blocked_by_shield":85,"minecraft:drop":12,"minecraft:damage_dealt":630,"minecraft:talked_to_villager":2,"minecraft:swim_one_cm":70776,"minecraft:fly_one_cm":106009,"minecraft:open_chest":10,"minecraft:crouch_one_cm":499,"minecraft:play_time":51733,"minecraft:deaths":1,"minecraft:sneak_time":53,"minecraft:walk_under_water_one_cm":12435,"minecraft:boat_one_cm":248669,"minecraft:jump":550,"minecraft:walk_on_water_one_cm":13959,"minecraft:total_world_time":51733,"minecraft:fall_one_cm":15567}},"DataVersion":3465}