{"stats":{"minecraft:mined":{"minecraft:grass":14,"minecraft:acacia_log":12,"minecraft:acacia_leaves":3,"minecraft:mud":20},"minecraft:picked_up":{"minecraft:mud":20,"minecraft:wheat_seeds":3,"minecraft:acacia_log":15},"minecraft:custom":{"minecraft:jump":79,"minecraft:time_since_rest":5680,"minecraft:crouch_one_cm":499,"minecraft:sprint_one_cm":13747,"minecraft:play_time":5680,"minecraft:walk_on_water_one_cm":24,"minecraft:time_since_death":5680,"minecraft:walk_one_cm":15194,"minecraft:sneak_time":9,"minecraft:climb_one_cm":56,"minecraft:total_world_time":5680,"minecraft:fall_one_cm":2893,"minecraft:fly_one_cm":18911}},"DataVersion":3465}