{"stats":{"minecraft:killed":{"minecraft:spider":1,"minecraft:skeleton":3,"minecraft:drowned":2,"minecraft:turtle":2,"minecraft:pig":9,"minecraft:creeper":3,"minecraft:zombie":13,"minecraft:enderman":2,"minecraft:cow":4},"minecraft:mined":{"minecraft:large_amethyst_bud":3,"minecraft:tuff":26,"minecraft:white_bed":2,"minecraft:deepslate_diamond_ore":2,"minecraft:granite":15,"minecraft:budding_amethyst":5,"minecraft:acacia_log":12,"minecraft:grass_block":33,"minecraft:kelp":5,"minecraft:mangrove_propagule":2,"minecraft:hay_block":41,"minecraft:furnace":2,"minecraft:carrots":199,"minecraft:iron_ore":5,"minecraft:cobbled_deepslate":9,"minecraft:andesite":40,"minecraft:pumpkin":13,"minecraft:deepslate_lapis_ore":12,"minecraft:gold_block":1,"minecraft:potatoes":124,"minecraft:oak_stairs":1,"minecraft:stone":178,"minecraft:acacia_leaves":3,"minecraft:medium_amethyst_bud":1,"minecraft:kelp_plant":8,"minecraft:amethyst_cluster":11,"minecraft:oak_fence":2,"minecraft:crafting_table":11,"minecraft:torch":17,"minecraft:blast_furnace":4,"minecraft:calcite":73,"minecraft:chest":4,"minecraft:glass":2,"minecraft:copper_ore":2,"minecraft:cobblestone":62,"minecraft:lapis_ore":2,"minecraft:sugar_cane":18,"minecraft:oak_planks":13,"minecraft:wall_torch":7,"minecraft:amethyst_block":713,"minecraft:seagrass":1,"minecraft:mud":20,"minecraft:wheat":187,"minecraft:yellow_bed":6,"minecraft:stone_brick_stairs":1,"minecraft:grass":64,"minecraft:oak_log":19,"minecraft:coal_ore":155,"minecraft:beetroots":18,"minecraft:oak_fence_gate":2,"minecraft:gravel":1,"minecraft:sand":196,"minecraft:dirt":10,"minecraft:smooth_basalt":4,"minecraft:netherrack":6,"minecraft:deepslate":175,"minecraft:oak_leaves":14},"minecraft:dropped":{"minecraft:bread":1,"minecraft:crafting_table":2,"minecraft:amethyst_block":1,"minecraft:stone_axe":1,"minecraft:kelp":6,"minecraft:filled_map":2,"minecraft:shield":4,"minecraft:yellow_bed":1,"minecraft:chest":1,"minecraft:golden_leggings":1,"minecraft:oak_sapling":6,"minecraft:arrow":3,"minecraft:stone_pickaxe":3},"minecraft:broken":{"minecraft:golden_helmet":1,"minecraft:stone_pickaxe":7,"minecraft:golden_axe":1,"minecraft:stone_axe":2,"minecraft:iron_pickaxe":2,"minecraft:stone_shovel":1},"minecraft:crafted":{"minecraft:oak_planks":76,"minecraft:stone_shovel":2,"minecraft:furnace":4,"minecraft:bone_meal":12,"minecraft:glass":104,"minecraft:iron_hoe":1,"minecraft:stone_pickaxe":8,"minecraft:chest":5,"minecraft:cobbled_deepslate_stairs":4,"minecraft:stone_hoe":1,"minecraft:wheat":369,"minecraft:cooked_beef":8,"minecraft:cooked_porkchop":9,"minecraft:crafting_table":5,"minecraft:baked_potato":20,"minecraft:wooden_pickaxe":1,"minecraft:stone_axe":2,"minecraft:amethyst_block":13,"minecraft:bread":124,"minecraft:acacia_boat":1,"minecraft:air":0,"minecraft:oak_boat":2,"minecraft:shield":3,"minecraft:stick":48,"minecraft:iron_ingot":3,"minecraft:iron_pickaxe":2,"minecraft:gold_ingot":1,"minecraft:acacia_planks":64,"minecraft:torch":88},"minecraft:picked_up":{"minecraft:coarse_dirt":1,"minecraft:seagrass":3,"minecraft:mud":20,"minecraft:crafting_table":12,"minecraft:wheat":75,"minecraft:chicken":1,"minecraft:oak_stairs":1,"minecraft:gold_block":1,"minecraft:stone_brick_stairs":1,"minecraft:shield":2,"minecraft:amethyst_block":712,"minecraft:string":1,"minecraft:raw_copper":7,"minecraft:gold_nugget":9,"minecraft:cobbled_deepslate":184,"minecraft:beef":8,"minecraft:oak_boat":1,"minecraft:calcite":61,"minecraft:iron_nugget":6,"minecraft:chest":6,"minecraft:sugar_cane":29,"minecraft:furnace":2,"minecraft:golden_helmet":1,"minecraft:stick":6,"minecraft:raw_iron":5,"minecraft:sandstone":1,"minecraft:oak_fence":2,"minecraft:torch":47,"minecraft:acacia_log":16,"minecraft:porkchop":17,"minecraft:carrot":336,"minecraft:arrow":13,"minecraft:rotten_flesh":20,"minecraft:cooked_cod":9,"minecraft:beetroot_seeds":30,"minecraft:hay_block":41,"minecraft:gold_ingot":6,"minecraft:cobblestone":240,"minecraft:feather":2,"minecraft:andesite":40,"minecraft:leather":3,"minecraft:golden_leggings":1,"minecraft:potato":223,"minecraft:filled_map":2,"minecraft:tuff":26,"minecraft:oak_log":19,"minecraft:yellow_bed":7,"minecraft:gunpowder":4,"minecraft:lapis_lazuli":92,"minecraft:dirt":44,"minecraft:bone":10,"minecraft:apple":1,"minecraft:kelp":6,"minecraft:bow":1,"minecraft:wheat_seeds":325,"minecraft:stone_pickaxe":3,"minecraft:heart_of_the_sea":2,"minecraft:oak_fence_gate":2,"minecraft:iron_ingot":8,"minecraft:glass_bottle":1,"minecraft:oak_planks":13,"minecraft:smooth_basalt":8,"minecraft:pumpkin":12,"minecraft:oak_pressure_plate":1,"minecraft:sand":200,"minecraft:amethyst_shard":52,"minecraft:blast_furnace":4,"minecraft:white_bed":2,"minecraft:diamond":2,"minecraft:stone_axe":3,"minecraft:granite":15,"minecraft:emerald":7,"minecraft:bread":1,"minecraft:oak_sapling":8,"minecraft:coal":157,"minecraft:netherrack":6,"minecraft:mangrove_propagule":2},"minecraft:used":{"minecraft:stone_shovel":220,"minecraft:chest":7,"minecraft:shield":26,"minecraft:stone_hoe":2,"minecraft:torch":119,"minecraft:dirt":11,"minecraft:carrot":247,"minecraft:golden_shovel":1,"minecraft:glass":94,"minecraft:iron_hoe":175,"minecraft:bow":9,"minecraft:furnace":6,"minecraft:cooked_cod":3,"minecraft:beetroot_seeds":4,"minecraft:potato":180,"minecraft:cobbled_deepslate":32,"minecraft:golden_axe":23,"minecraft:calcite":51,"minecraft:wheat_seeds":80,"minecraft:acacia_boat":1,"minecraft:amethyst_block":728,"minecraft:stone_pickaxe":1020,"minecraft:baked_potato":13,"minecraft:oak_planks":13,"minecraft:wooden_pickaxe":14,"minecraft:sugar_cane":9,"minecraft:crafting_table":13,"minecraft:blast_furnace":4,"minecraft:white_bed":2,"minecraft:cobbled_deepslate_stairs":2,"minecraft:apple":5,"minecraft:bread":10,"minecraft:iron_pickaxe":529,"minecraft:golden_leggings":1,"minecraft:stone_axe":139,"minecraft:cobblestone":100,"minecraft:cooked_porkchop":9,"minecraft:yellow_bed":6,"minecraft:oak_boat":3,"minecraft:bone_meal":12},"minecraft:killed_by":{"minecraft:zombie":1},"minecraft:custom":{"minecraft:mob_kills":41,"minecraft:animals_bred":1,"minecraft:interact_with_crafting_table":38,"minecraft:bell_ring":3,"minecraft:leave_game":3,"minecraft:time_since_death":212059,"minecraft:climb_one_cm":506,"minecraft:sprint_one_cm":459389,"minecraft:walk_one_cm":709944,"minecraft:damage_blocked_by_shield":925,"minecraft:drop":28,"minecraft:talked_to_villager":2,"minecraft:play_time":248405,"minecraft:deaths":1,"minecraft:sneak_time":6687,"minecraft:walk_under_water_one_cm":41617,"minecraft:boat_one_cm":558854,"minecraft:jump":2567,"minecraft:interact_with_blast_furnace":4,"minecraft:walk_on_water_one_cm":53138,"minecraft:total_world_time":248405,"minecraft:interact_with_furnace":46,"minecraft:interact_with_stonecutter":1,"minecraft:sleep_in_bed":11,"minecraft:time_since_rest":5087,"minecraft:damage_taken":2457,"minecraft:damage_dealt":6328,"minecraft:swim_one_cm":240889,"minecraft:fly_one_cm":348267,"minecraft:open_chest":57,"minecraft:crouch_one_cm":16389,"minecraft:fall_one_cm":56320}},"DataVersion":3465}