{"stats":{"minecraft:killed":{"minecraft:spider":1,"minecraft:skeleton":1,"minecraft:drowned":2,"minecraft:turtle":2,"minecraft:pig":9,"minecraft:creeper":2,"minecraft:zombie":6,"minecraft:enderman":1,"minecraft:cow":4},"minecraft:mined":{"minecraft:large_amethyst_bud":3,"minecraft:tuff":26,"minecraft:white_bed":2,"minecraft:deepslate_diamond_ore":2,"minecraft:granite":15,"minecraft:budding_amethyst":5,"minecraft:acacia_log":12,"minecraft:grass_block":8,"minecraft:kelp":5,"minecraft:mangrove_propagule":2,"minecraft:hay_block":41,"minecraft:furnace":2,"minecraft:carrots":119,"minecraft:iron_ore":5,"minecraft:cobbled_deepslate":3,"minecraft:andesite":40,"minecraft:pumpkin":13,"minecraft:deepslate_lapis_ore":12,"minecraft:gold_block":1,"minecraft:potatoes":77,"minecraft:oak_stairs":1,"minecraft:stone":165,"minecraft:acacia_leaves":3,"minecraft:medium_amethyst_bud":1,"minecraft:kelp_plant":8,"minecraft:amethyst_cluster":11,"minecraft:oak_fence":2,"minecraft:crafting_table":10,"minecraft:torch":9,"minecraft:blast_furnace":4,"minecraft:calcite":63,"minecraft:chest":4,"minecraft:copper_ore":2,"minecraft:cobblestone":12,"minecraft:lapis_ore":2,"minecraft:sugar_cane":18,"minecraft:oak_planks":13,"minecraft:wall_torch":3,"minecraft:amethyst_block":638,"minecraft:seagrass":1,"minecraft:mud":20,"minecraft:wheat":107,"minecraft:yellow_bed":6,"minecraft:stone_brick_stairs":1,"minecraft:grass":64,"minecraft:oak_log":19,"minecraft:coal_ore":155,"minecraft:beetroots":18,"minecraft:oak_fence_gate":2,"minecraft:gravel":1,"minecraft:sand":134,"minecraft:dirt":10,"minecraft:smooth_basalt":4,"minecraft:netherrack":6,"minecraft:deepslate":175,"minecraft:oak_leaves":14},"minecraft:dropped":{"minecraft:bread":1,"minecraft:crafting_table":1,"minecraft:kelp":6,"minecraft:filled_map":2,"minecraft:shield":4,"minecraft:yellow_bed":1,"minecraft:chest":1,"minecraft:golden_leggings":1,"minecraft:oak_sapling":6,"minecraft:stone_pickaxe":2},"minecraft:broken":{"minecraft:stone_pickaxe":6,"minecraft:golden_axe":1,"minecraft:stone_axe":1,"minecraft:iron_pickaxe":2,"minecraft:stone_shovel":1},"minecraft:crafted":{"minecraft:oak_planks":76,"minecraft:stone_shovel":1,"minecraft:furnace":1,"minecraft:bone_meal":12,"minecraft:iron_hoe":1,"minecraft:stone_pickaxe":7,"minecraft:chest":5,"minecraft:cobbled_deepslate_stairs":4,"minecraft:wheat":369,"minecraft:cooked_beef":8,"minecraft:cooked_porkchop":9,"minecraft:crafting_table":4,"minecraft:baked_potato":20,"minecraft:wooden_pickaxe":1,"minecraft:stone_axe":1,"minecraft:bread":124,"minecraft:acacia_boat":1,"minecraft:air":0,"minecraft:oak_boat":2,"minecraft:shield":3,"minecraft:stick":40,"minecraft:iron_ingot":3,"minecraft:iron_pickaxe":2,"minecraft:gold_ingot":1,"minecraft:acacia_planks":64,"minecraft:torch":88},"minecraft:picked_up":{"minecraft:coarse_dirt":1,"minecraft:seagrass":3,"minecraft:mud":20,"minecraft:crafting_table":11,"minecraft:wheat":4,"minecraft:chicken":1,"minecraft:oak_stairs":1,"minecraft:gold_block":1,"minecraft:stone_brick_stairs":1,"minecraft:shield":2,"minecraft:amethyst_block":637,"minecraft:string":1,"minecraft:raw_copper":7,"minecraft:gold_nugget":9,"minecraft:cobbled_deepslate":178,"minecraft:beef":8,"minecraft:oak_boat":1,"minecraft:calcite":51,"minecraft:iron_nugget":6,"minecraft:chest":6,"minecraft:sugar_cane":29,"minecraft:furnace":2,"minecraft:golden_helmet":1,"minecraft:stick":6,"minecraft:raw_iron":5,"minecraft:sandstone":1,"minecraft:oak_fence":2,"minecraft:torch":16,"minecraft:acacia_log":16,"minecraft:porkchop":17,"minecraft:carrot":143,"minecraft:arrow":7,"minecraft:rotten_flesh":8,"minecraft:cooked_cod":9,"minecraft:beetroot_seeds":30,"minecraft:hay_block":41,"minecraft:gold_ingot":6,"minecraft:cobblestone":177,"minecraft:feather":2,"minecraft:andesite":40,"minecraft:leather":3,"minecraft:golden_leggings":1,"minecraft:potato":79,"minecraft:filled_map":2,"minecraft:tuff":26,"minecraft:oak_log":19,"minecraft:yellow_bed":7,"minecraft:gunpowder":2,"minecraft:lapis_lazuli":92,"minecraft:dirt":18,"minecraft:bone":5,"minecraft:apple":1,"minecraft:kelp":6,"minecraft:bow":1,"minecraft:wheat_seeds":111,"minecraft:stone_pickaxe":2,"minecraft:heart_of_the_sea":2,"minecraft:oak_fence_gate":2,"minecraft:iron_ingot":8,"minecraft:glass_bottle":1,"minecraft:oak_planks":13,"minecraft:smooth_basalt":8,"minecraft:pumpkin":12,"minecraft:oak_pressure_plate":1,"minecraft:sand":138,"minecraft:amethyst_shard":52,"minecraft:blast_furnace":4,"minecraft:white_bed":2,"minecraft:diamond":2,"minecraft:stone_axe":1,"minecraft:granite":15,"minecraft:emerald":7,"minecraft:bread":1,"minecraft:oak_sapling":8,"minecraft:coal":157,"minecraft:netherrack":6,"minecraft:mangrove_propagule":2},"minecraft:used":{"minecraft:stone_shovel":131,"minecraft:chest":7,"minecraft:shield":20,"minecraft:torch":46,"minecraft:dirt":11,"minecraft:carrot":154,"minecraft:golden_shovel":1,"minecraft:iron_hoe":175,"minecraft:bow":9,"minecraft:furnace":3,"minecraft:cooked_cod":3,"minecraft:beetroot_seeds":4,"minecraft:potato":82,"minecraft:cobbled_deepslate":26,"minecraft:golden_axe":23,"minecraft:calcite":41,"minecraft:acacia_boat":1,"minecraft:amethyst_block":297,"minecraft:stone_pickaxe":861,"minecraft:baked_potato":1,"minecraft:oak_planks":13,"minecraft:wooden_pickaxe":14,"minecraft:sugar_cane":9,"minecraft:crafting_table":12,"minecraft:blast_furnace":4,"minecraft:white_bed":2,"minecraft:cobbled_deepslate_stairs":2,"minecraft:apple":5,"minecraft:bread":10,"minecraft:iron_pickaxe":529,"minecraft:golden_leggings":1,"minecraft:stone_axe":114,"minecraft:cobblestone":49,"minecraft:cooked_porkchop":7,"minecraft:yellow_bed":6,"minecraft:oak_boat":3,"minecraft:bone_meal":12},"minecraft:killed_by":{"minecraft:zombie":1},"minecraft:custom":{"minecraft:mob_kills":29,"minecraft:animals_bred":1,"minecraft:interact_with_crafting_table":30,"minecraft:bell_ring":3,"minecraft:leave_game":3,"minecraft:time_since_death":164059,"minecraft:climb_one_cm":506,"minecraft:sprint_one_cm":360720,"minecraft:walk_one_cm":512565,"minecraft:damage_blocked_by_shield":685,"minecraft:drop":21,"minecraft:talked_to_villager":2,"minecraft:play_time":200405,"minecraft:deaths":1,"minecraft:sneak_time":3543,"minecraft:walk_under_water_one_cm":41138,"minecraft:boat_one_cm":558854,"minecraft:jump":2185,"minecraft:interact_with_blast_furnace":3,"minecraft:walk_on_water_one_cm":51058,"minecraft:total_world_time":200405,"minecraft:interact_with_furnace":26,"minecraft:sleep_in_bed":9,"minecraft:time_since_rest":50722,"minecraft:damage_taken":1662,"minecraft:damage_dealt":4526,"minecraft:swim_one_cm":238903,"minecraft:fly_one_cm":321388,"minecraft:open_chest":46,"minecraft:crouch_one_cm":7359,"minecraft:fall_one_cm":48923}},"DataVersion":3465}