{"stats":{"minecraft:killed":{"minecraft:spider":1,"minecraft:creeper":1,"minecraft:skeleton":1,"minecraft:zombie":1},"minecraft:mined":{"minecraft:acacia_leaves":3,"minecraft:kelp_plant":8,"minecraft:crafting_table":4,"minecraft:torch":4,"minecraft:acacia_log":12,"minecraft:grass_block":3,"minecraft:chest":1,"minecraft:kelp":5,"minecraft:sugar_cane":6,"minecraft:seagrass":1,"minecraft:mud":20,"minecraft:grass":56,"minecraft:coal_ore":13,"minecraft:dirt":6,"minecraft:sand":134,"minecraft:stone":78},"minecraft:dropped":{"minecraft:filled_map":2,"minecraft:shield":4},"minecraft:broken":{"minecraft:stone_shovel":1},"minecraft:crafted":{"minecraft:stone_shovel":1,"minecraft:crafting_table":2,"minecraft:wooden_pickaxe":1,"minecraft:stone_axe":1,"minecraft:shield":3,"minecraft:stick":12,"minecraft:iron_ingot":1,"minecraft:iron_pickaxe":1,"minecraft:stone_pickaxe":1,"minecraft:chest":2,"minecraft:gold_ingot":1,"minecraft:acacia_planks":64,"minecraft:torch":16},"minecraft:picked_up":{"minecraft:mud":20,"minecraft:crafting_table":4,"minecraft:chicken":1,"minecraft:filled_map":2,"minecraft:shield":2,"minecraft:string":1,"minecraft:dirt":9,"minecraft:bone":1,"minecraft:apple":1,"minecraft:kelp":6,"minecraft:bow":1,"minecraft:wheat_seeds":5,"minecraft:gold_nugget":9,"minecraft:heart_of_the_sea":2,"minecraft:iron_ingot":6,"minecraft:iron_nugget":6,"minecraft:sugar_cane":15,"minecraft:chest":1,"minecraft:stick":2,"minecraft:sandstone":1,"minecraft:acacia_log":16,"minecraft:torch":4,"minecraft:sand":130,"minecraft:rotten_flesh":3,"minecraft:cooked_cod":9,"minecraft:gold_ingot":6,"minecraft:emerald":7,"minecraft:oak_sapling":2,"minecraft:coal":15,"minecraft:cobblestone":78},"minecraft:used":{"minecraft:stone_shovel":131,"minecraft:stone_pickaxe":86,"minecraft:wooden_pickaxe":14,"minecraft:chest":3,"minecraft:shield":4,"minecraft:torch":6,"minecraft:dirt":4,"minecraft:crafting_table":5,"minecraft:stone_axe":14,"minecraft:cooked_cod":3},"minecraft:killed_by":{"minecraft:zombie":1},"minecraft:custom":{"minecraft:interact_with_furnace":4,"minecraft:mob_kills":4,"minecraft:interact_with_crafting_table":14,"minecraft:leave_game":1,"minecraft:time_since_death":3387,"minecraft:climb_one_cm":56,"minecraft:time_since_rest":3747,"minecraft:sprint_one_cm":63262,"minecraft:damage_taken":345,"minecraft:walk_one_cm":80781,"minecraft:damage_blocked_by_shield":85,"minecraft:drop":6,"minecraft:damage_dealt":507,"minecraft:swim_one_cm":39270,"minecraft:fly_one_cm":77815,"minecraft:open_chest":9,"minecraft:crouch_one_cm":499,"minecraft:play_time":39733,"minecraft:deaths":1,"minecraft:sneak_time":53,"minecraft:walk_under_water_one_cm":10918,"minecraft:boat_one_cm":248669,"minecraft:jump":416,"minecraft:walk_on_water_one_cm":8013,"minecraft:total_world_time":39733,"minecraft:fall_one_cm":12583}},"DataVersion":3465}