{"stats":{"minecraft:mined":{"minecraft:acacia_leaves":3,"minecraft:mud":20,"minecraft:crafting_table":2,"minecraft:grass":51,"minecraft:acacia_log":12,"minecraft:grass_block":3,"minecraft:dirt":6,"minecraft:stone":69},"minecraft:dropped":{"minecraft:filled_map":2,"minecraft:shield":4},"minecraft:crafted":{"minecraft:shield":3,"minecraft:crafting_table":2,"minecraft:stick":8,"minecraft:wooden_pickaxe":1,"minecraft:iron_ingot":1,"minecraft:iron_pickaxe":1,"minecraft:stone_pickaxe":1,"minecraft:acacia_planks":64,"minecraft:stone_axe":1},"minecraft:picked_up":{"minecraft:mud":20,"minecraft:crafting_table":2,"minecraft:acacia_log":16,"minecraft:filled_map":2,"minecraft:shield":2,"minecraft:dirt":9,"minecraft:wheat_seeds":4,"minecraft:cobblestone":69},"minecraft:used":{"minecraft:stone_pickaxe":64,"minecraft:wooden_pickaxe":14,"minecraft:stone_axe":1,"minecraft:dirt":4,"minecraft:crafting_table":3},"minecraft:custom":{"minecraft:time_since_rest":17680,"minecraft:sprint_one_cm":23409,"minecraft:damage_taken":50,"minecraft:walk_one_cm":33236,"minecraft:drop":6,"minecraft:damage_dealt":45,"minecraft:interact_with_crafting_table":6,"minecraft:swim_one_cm":4534,"minecraft:fly_one_cm":37687,"minecraft:open_chest":1,"minecraft:crouch_one_cm":499,"minecraft:play_time":17680,"minecraft:sneak_time":42,"minecraft:walk_under_water_one_cm":3476,"minecraft:boat_one_cm":130943,"minecraft:jump":216,"minecraft:walk_on_water_one_cm":1234,"minecraft:time_since_death":17680,"minecraft:climb_one_cm":56,"minecraft:total_world_time":17680,"minecraft:fall_one_cm":7405}},"DataVersion":3465}