{"stats":{"minecraft:killed":{"minecraft:spider":1,"minecraft:skeleton":1,"minecraft:drowned":2,"minecraft:pig":3,"minecraft:creeper":1,"minecraft:zombie":4,"minecraft:cow":4},"minecraft:mined":{"minecraft:white_bed":1,"minecraft:acacia_log":12,"minecraft:grass_block":8,"minecraft:kelp":5,"minecraft:mangrove_propagule":2,"minecraft:hay_block":41,"minecraft:furnace":1,"minecraft:carrots":72,"minecraft:iron_ore":5,"minecraft:pumpkin":13,"minecraft:gold_block":1,"minecraft:potatoes":43,"minecraft:oak_stairs":1,"minecraft:stone":93,"minecraft:acacia_leaves":3,"minecraft:kelp_plant":8,"minecraft:oak_fence":1,"minecraft:crafting_table":8,"minecraft:torch":4,"minecraft:blast_furnace":3,"minecraft:chest":4,"minecraft:copper_ore":2,"minecraft:cobblestone":5,"minecraft:sugar_cane":18,"minecraft:oak_planks":3,"minecraft:seagrass":1,"minecraft:mud":20,"minecraft:wheat":100,"minecraft:yellow_bed":5,"minecraft:stone_brick_stairs":1,"minecraft:grass":61,"minecraft:coal_ore":155,"minecraft:oak_log":19,"minecraft:beetroots":18,"minecraft:gravel":1,"minecraft:sand":134,"minecraft:dirt":6,"minecraft:netherrack":6,"minecraft:oak_leaves":13},"minecraft:dropped":{"minecraft:bread":1,"minecraft:crafting_table":1,"minecraft:kelp":6,"minecraft:filled_map":2,"minecraft:shield":4,"minecraft:yellow_bed":1,"minecraft:chest":1,"minecraft:oak_sapling":6,"minecraft:golden_leggings":1,"minecraft:stone_pickaxe":2},"minecraft:broken":{"minecraft:stone_pickaxe":1,"minecraft:stone_axe":1,"minecraft:stone_shovel":1},"minecraft:crafted":{"minecraft:oak_planks":36,"minecraft:stone_shovel":1,"minecraft:furnace":1,"minecraft:bone_meal":12,"minecraft:iron_hoe":1,"minecraft:stone_pickaxe":2,"minecraft:chest":5,"minecraft:cooked_porkchop":6,"minecraft:crafting_table":4,"minecraft:wooden_pickaxe":1,"minecraft:stone_axe":1,"minecraft:acacia_boat":1,"minecraft:air":0,"minecraft:oak_boat":1,"minecraft:shield":3,"minecraft:stick":16,"minecraft:iron_ingot":3,"minecraft:iron_pickaxe":1,"minecraft:gold_ingot":1,"minecraft:acacia_planks":64,"minecraft:torch":20},"minecraft:picked_up":{"minecraft:mud":20,"minecraft:crafting_table":9,"minecraft:wheat":4,"minecraft:chicken":1,"minecraft:oak_stairs":1,"minecraft:gold_block":1,"minecraft:stone_brick_stairs":1,"minecraft:shield":2,"minecraft:string":1,"minecraft:raw_copper":7,"minecraft:gold_nugget":9,"minecraft:beef":8,"minecraft:iron_nugget":6,"minecraft:sugar_cane":29,"minecraft:chest":6,"minecraft:furnace":1,"minecraft:raw_iron":5,"minecraft:stick":2,"minecraft:sandstone":1,"minecraft:oak_fence":1,"minecraft:torch":4,"minecraft:acacia_log":16,"minecraft:porkchop":6,"minecraft:carrot":96,"minecraft:arrow":7,"minecraft:rotten_flesh":8,"minecraft:cooked_cod":9,"minecraft:beetroot_seeds":30,"minecraft:hay_block":41,"minecraft:gold_ingot":6,"minecraft:cobblestone":98,"minecraft:leather":3,"minecraft:golden_leggings":1,"minecraft:potato":45,"minecraft:filled_map":2,"minecraft:oak_log":19,"minecraft:yellow_bed":6,"minecraft:dirt":14,"minecraft:bone":5,"minecraft:apple":1,"minecraft:kelp":6,"minecraft:bow":1,"minecraft:wheat_seeds":103,"minecraft:stone_pickaxe":2,"minecraft:heart_of_the_sea":2,"minecraft:iron_ingot":8,"minecraft:glass_bottle":1,"minecraft:oak_planks":3,"minecraft:pumpkin":12,"minecraft:oak_pressure_plate":1,"minecraft:sand":138,"minecraft:blast_furnace":3,"minecraft:white_bed":1,"minecraft:stone_axe":1,"minecraft:bread":1,"minecraft:emerald":7,"minecraft:oak_sapling":8,"minecraft:coal":157,"minecraft:netherrack":6,"minecraft:mangrove_propagule":2},"minecraft:used":{"minecraft:stone_shovel":131,"minecraft:chest":7,"minecraft:shield":20,"minecraft:torch":10,"minecraft:dirt":9,"minecraft:carrot":106,"minecraft:golden_shovel":1,"minecraft:iron_hoe":175,"minecraft:furnace":1,"minecraft:cooked_cod":3,"minecraft:beetroot_seeds":4,"minecraft:potato":68,"minecraft:golden_axe":20,"minecraft:acacia_boat":1,"minecraft:stone_pickaxe":232,"minecraft:oak_planks":3,"minecraft:wooden_pickaxe":14,"minecraft:sugar_cane":9,"minecraft:crafting_table":10,"minecraft:blast_furnace":1,"minecraft:white_bed":1,"minecraft:apple":5,"minecraft:bread":10,"minecraft:iron_pickaxe":71,"minecraft:golden_leggings":1,"minecraft:stone_axe":69,"minecraft:cobblestone":38,"minecraft:cooked_porkchop":6,"minecraft:yellow_bed":4,"minecraft:oak_boat":1,"minecraft:bone_meal":12},"minecraft:killed_by":{"minecraft:zombie":1},"minecraft:custom":{"minecraft:mob_kills":17,"minecraft:animals_bred":1,"minecraft:interact_with_crafting_table":21,"minecraft:bell_ring":3,"minecraft:leave_game":2,"minecraft:time_since_death":93064,"minecraft:climb_one_cm":506,"minecraft:sprint_one_cm":278492,"minecraft:walk_one_cm":313600,"minecraft:damage_blocked_by_shield":685,"minecraft:drop":21,"minecraft:talked_to_villager":2,"minecraft:play_time":129410,"minecraft:deaths":1,"minecraft:sneak_time":91,"minecraft:walk_under_water_one_cm":40468,"minecraft:boat_one_cm":467009,"minecraft:jump":1602,"minecraft:interact_with_blast_furnace":2,"minecraft:walk_on_water_one_cm":47721,"minecraft:total_world_time":129410,"minecraft:interact_with_furnace":13,"minecraft:sleep_in_bed":8,"minecraft:time_since_rest":1153,"minecraft:damage_taken":1499,"minecraft:damage_dealt":2334,"minecraft:swim_one_cm":237612,"minecraft:fly_one_cm":268541,"minecraft:open_chest":33,"minecraft:crouch_one_cm":499,"minecraft:fall_one_cm":40255}},"DataVersion":3465}