{"stats":{"minecraft:killed":{"minecraft:pig":3,"minecraft:spider":1,"minecraft:creeper":1,"minecraft:skeleton":1,"minecraft:zombie":4},"minecraft:mined":{"minecraft:acacia_leaves":3,"minecraft:white_bed":1,"minecraft:kelp_plant":8,"minecraft:crafting_table":5,"minecraft:torch":4,"minecraft:acacia_log":12,"minecraft:grass_block":7,"minecraft:chest":3,"minecraft:copper_ore":2,"minecraft:cobblestone":2,"minecraft:oak_planks":3,"minecraft:kelp":5,"minecraft:sugar_cane":18,"minecraft:mangrove_propagule":2,"minecraft:seagrass":1,"minecraft:carrots":27,"minecraft:mud":20,"minecraft:iron_ore":5,"minecraft:wheat":25,"minecraft:pumpkin":8,"minecraft:gold_block":1,"minecraft:yellow_bed":3,"minecraft:stone_brick_stairs":1,"minecraft:grass":60,"minecraft:oak_log":9,"minecraft:potatoes":22,"minecraft:coal_ore":138,"minecraft:gravel":1,"minecraft:beetroots":4,"minecraft:dirt":6,"minecraft:sand":134,"minecraft:stone":92,"minecraft:netherrack":6,"minecraft:oak_leaves":3},"minecraft:dropped":{"minecraft:bread":1,"minecraft:kelp":6,"minecraft:filled_map":2,"minecraft:shield":4,"minecraft:golden_leggings":1,"minecraft:stone_pickaxe":1},"minecraft:broken":{"minecraft:stone_axe":1,"minecraft:stone_shovel":1},"minecraft:crafted":{"minecraft:oak_planks":36,"minecraft:stone_shovel":1,"minecraft:crafting_table":4,"minecraft:wooden_pickaxe":1,"minecraft:furnace":1,"minecraft:bone_meal":12,"minecraft:stone_axe":1,"minecraft:acacia_boat":1,"minecraft:shield":3,"minecraft:stick":12,"minecraft:iron_ingot":1,"minecraft:iron_pickaxe":1,"minecraft:stone_pickaxe":2,"minecraft:chest":2,"minecraft:gold_ingot":1,"minecraft:acacia_planks":64,"minecraft:torch":20},"minecraft:picked_up":{"minecraft:mud":20,"minecraft:crafting_table":5,"minecraft:chicken":1,"minecraft:golden_leggings":1,"minecraft:gold_block":1,"minecraft:potato":24,"minecraft:filled_map":2,"minecraft:stone_brick_stairs":1,"minecraft:oak_log":9,"minecraft:yellow_bed":3,"minecraft:shield":2,"minecraft:string":1,"minecraft:dirt":13,"minecraft:raw_copper":7,"minecraft:bone":5,"minecraft:apple":1,"minecraft:kelp":6,"minecraft:bow":1,"minecraft:wheat_seeds":28,"minecraft:gold_nugget":9,"minecraft:stone_pickaxe":1,"minecraft:heart_of_the_sea":2,"minecraft:iron_ingot":6,"minecraft:iron_nugget":6,"minecraft:glass_bottle":1,"minecraft:sugar_cane":29,"minecraft:chest":3,"minecraft:oak_planks":3,"minecraft:raw_iron":5,"minecraft:stick":2,"minecraft:sandstone":1,"minecraft:pumpkin":7,"minecraft:acacia_log":16,"minecraft:torch":4,"minecraft:porkchop":6,"minecraft:sand":138,"minecraft:white_bed":1,"minecraft:carrot":54,"minecraft:arrow":6,"minecraft:rotten_flesh":7,"minecraft:cooked_cod":9,"minecraft:beetroot_seeds":4,"minecraft:stone_axe":1,"minecraft:bread":1,"minecraft:gold_ingot":6,"minecraft:emerald":7,"minecraft:oak_sapling":2,"minecraft:netherrack":6,"minecraft:mangrove_propagule":2,"minecraft:coal":140,"minecraft:cobblestone":94},"minecraft:used":{"minecraft:acacia_boat":1,"minecraft:stone_shovel":131,"minecraft:stone_pickaxe":209,"minecraft:oak_planks":3,"minecraft:wooden_pickaxe":14,"minecraft:chest":3,"minecraft:shield":4,"minecraft:sugar_cane":9,"minecraft:torch":10,"minecraft:dirt":8,"minecraft:crafting_table":7,"minecraft:carrot":48,"minecraft:golden_shovel":1,"minecraft:white_bed":1,"minecraft:apple":5,"minecraft:bread":10,"minecraft:iron_pickaxe":41,"minecraft:golden_leggings":1,"minecraft:stone_axe":38,"minecraft:cobblestone":23,"minecraft:furnace":1,"minecraft:cooked_cod":3,"minecraft:beetroot_seeds":4,"minecraft:yellow_bed":3,"minecraft:potato":29,"minecraft:golden_axe":16,"minecraft:bone_meal":12},"minecraft:killed_by":{"minecraft:zombie":1},"minecraft:custom":{"minecraft:interact_with_furnace":6,"minecraft:mob_kills":11,"minecraft:interact_with_crafting_table":17,"minecraft:leave_game":2,"minecraft:time_since_death":64554,"minecraft:sleep_in_bed":5,"minecraft:climb_one_cm":76,"minecraft:time_since_rest":13428,"minecraft:sprint_one_cm":192440,"minecraft:damage_taken":1122,"minecraft:walk_one_cm":220746,"minecraft:damage_blocked_by_shield":85,"minecraft:drop":15,"minecraft:damage_dealt":1583,"minecraft:talked_to_villager":2,"minecraft:swim_one_cm":208003,"minecraft:fly_one_cm":195388,"minecraft:open_chest":22,"minecraft:crouch_one_cm":499,"minecraft:play_time":100900,"minecraft:deaths":1,"minecraft:sneak_time":53,"minecraft:walk_under_water_one_cm":30271,"minecraft:boat_one_cm":430829,"minecraft:jump":1181,"minecraft:walk_on_water_one_cm":41517,"minecraft:total_world_time":100900,"minecraft:fall_one_cm":27913}},"DataVersion":3465}