{"stats":{"minecraft:killed":{"minecraft:pig":3,"minecraft:spider":1,"minecraft:creeper":1,"minecraft:skeleton":1,"minecraft:zombie":4,"minecraft:drowned":2,"minecraft:cow":4},"minecraft:mined":{"minecraft:acacia_leaves":3,"minecraft:white_bed":1,"minecraft:kelp_plant":8,"minecraft:crafting_table":8,"minecraft:torch":4,"minecraft:blast_furnace":2,"minecraft:acacia_log":12,"minecraft:grass_block":8,"minecraft:chest":3,"minecraft:copper_ore":2,"minecraft:cobblestone":2,"minecraft:kelp":5,"minecraft:oak_planks":3,"minecraft:sugar_cane":18,"minecraft:mangrove_propagule":2,"minecraft:hay_block":32,"minecraft:seagrass":1,"minecraft:furnace":1,"minecraft:carrots":66,"minecraft:mud":20,"minecraft:iron_ore":5,"minecraft:wheat":84,"minecraft:pumpkin":13,"minecraft:yellow_bed":3,"minecraft:stone_brick_stairs":1,"minecraft:gold_block":1,"minecraft:grass":61,"minecraft:potatoes":40,"minecraft:oak_log":9,"minecraft:coal_ore":155,"minecraft:beetroots":15,"minecraft:sand":134,"minecraft:gravel":1,"minecraft:dirt":6,"minecraft:stone":93,"minecraft:netherrack":6,"minecraft:oak_leaves":6},"minecraft:dropped":{"minecraft:bread":1,"minecraft:kelp":6,"minecraft:filled_map":2,"minecraft:shield":4,"minecraft:golden_leggings":1,"minecraft:stone_pickaxe":2},"minecraft:crafted":{"minecraft:oak_planks":36,"minecraft:stone_shovel":1,"minecraft:cooked_porkchop":6,"minecraft:crafting_table":4,"minecraft:wooden_pickaxe":1,"minecraft:furnace":1,"minecraft:bone_meal":12,"minecraft:stone_axe":1,"minecraft:acacia_boat":1,"minecraft:air":0,"minecraft:oak_boat":1,"minecraft:shield":3,"minecraft:iron_hoe":1,"minecraft:stick":16,"minecraft:iron_ingot":3,"minecraft:iron_pickaxe":1,"minecraft:stone_pickaxe":2,"minecraft:chest":2,"minecraft:gold_ingot":1,"minecraft:acacia_planks":64,"minecraft:torch":20},"minecraft:picked_up":{"minecraft:mud":20,"minecraft:crafting_table":8,"minecraft:wheat":3,"minecraft:chicken":1,"minecraft:leather":3,"minecraft:golden_leggings":1,"minecraft:potato":42,"minecraft:filled_map":2,"minecraft:gold_block":1,"minecraft:stone_brick_stairs":1,"minecraft:oak_log":9,"minecraft:yellow_bed":3,"minecraft:shield":2,"minecraft:string":1,"minecraft:dirt":14,"minecraft:raw_copper":7,"minecraft:bone":5,"minecraft:apple":1,"minecraft:kelp":6,"minecraft:bow":1,"minecraft:wheat_seeds":89,"minecraft:gold_nugget":9,"minecraft:beef":8,"minecraft:heart_of_the_sea":2,"minecraft:iron_ingot":8,"minecraft:stone_pickaxe":2,"minecraft:iron_nugget":6,"minecraft:glass_bottle":1,"minecraft:chest":3,"minecraft:sugar_cane":29,"minecraft:oak_planks":3,"minecraft:furnace":1,"minecraft:stick":2,"minecraft:raw_iron":5,"minecraft:sandstone":1,"minecraft:pumpkin":12,"minecraft:torch":4,"minecraft:acacia_log":16,"minecraft:porkchop":6,"minecraft:sand":138,"minecraft:blast_furnace":2,"minecraft:white_bed":1,"minecraft:carrot":91,"minecraft:arrow":7,"minecraft:rotten_flesh":8,"minecraft:cooked_cod":9,"minecraft:stone_axe":1,"minecraft:beetroot_seeds":14,"minecraft:hay_block":32,"minecraft:emerald":7,"minecraft:gold_ingot":6,"minecraft:bread":1,"minecraft:oak_sapling":2,"minecraft:netherrack":6,"minecraft:mangrove_propagule":2,"minecraft:coal":157,"minecraft:cobblestone":95},"minecraft:broken":{"minecraft:stone_pickaxe":1,"minecraft:stone_axe":1,"minecraft:stone_shovel":1},"minecraft:used":{"minecraft:acacia_boat":1,"minecraft:stone_pickaxe":229,"minecraft:stone_shovel":131,"minecraft:oak_planks":3,"minecraft:chest":3,"minecraft:wooden_pickaxe":14,"minecraft:shield":20,"minecraft:sugar_cane":9,"minecraft:torch":10,"minecraft:dirt":9,"minecraft:crafting_table":9,"minecraft:blast_furnace":1,"minecraft:white_bed":1,"minecraft:carrot":52,"minecraft:golden_shovel":1,"minecraft:iron_hoe":162,"minecraft:apple":5,"minecraft:iron_pickaxe":42,"minecraft:bread":10,"minecraft:golden_leggings":1,"minecraft:stone_axe":52,"minecraft:cobblestone":28,"minecraft:cooked_porkchop":3,"minecraft:cooked_cod":3,"minecraft:furnace":1,"minecraft:beetroot_seeds":4,"minecraft:oak_boat":1,"minecraft:yellow_bed":3,"minecraft:potato":29,"minecraft:golden_axe":20,"minecraft:bone_meal":12},"minecraft:killed_by":{"minecraft:zombie":1},"minecraft:custom":{"minecraft:interact_with_furnace":13,"minecraft:mob_kills":17,"minecraft:interact_with_crafting_table":20,"minecraft:leave_game":2,"minecraft:time_since_death":81064,"minecraft:climb_one_cm":76,"minecraft:sleep_in_bed":7,"minecraft:time_since_rest":2658,"minecraft:sprint_one_cm":239502,"minecraft:damage_taken":1489,"minecraft:walk_one_cm":260798,"minecraft:damage_blocked_by_shield":685,"minecraft:drop":16,"minecraft:damage_dealt":2334,"minecraft:swim_one_cm":237612,"minecraft:fly_one_cm":241270,"minecraft:talked_to_villager":2,"minecraft:open_chest":23,"minecraft:play_time":117410,"minecraft:crouch_one_cm":499,"minecraft:deaths":1,"minecraft:sneak_time":61,"minecraft:walk_under_water_one_cm":38666,"minecraft:boat_one_cm":467009,"minecraft:jump":1465,"minecraft:interact_with_blast_furnace":2,"minecraft:walk_on_water_one_cm":47625,"minecraft:total_world_time":117410,"minecraft:fall_one_cm":35297}},"DataVersion":3465}