{"stats":{"minecraft:killed":{"minecraft:skeleton":1,"minecraft:zombie":1,"minecraft:spider":1,"minecraft:creeper":1},"minecraft:mined":{"minecraft:acacia_leaves":3,"minecraft:mud":20,"minecraft:crafting_table":4,"minecraft:grass":56,"minecraft:acacia_log":12,"minecraft:grass_block":3,"minecraft:chest":1,"minecraft:sand":134,"minecraft:dirt":6,"minecraft:stone":69},"minecraft:dropped":{"minecraft:filled_map":2,"minecraft:shield":4},"minecraft:broken":{"minecraft:stone_shovel":1},"minecraft:crafted":{"minecraft:stone_shovel":1,"minecraft:shield":3,"minecraft:crafting_table":2,"minecraft:stick":12,"minecraft:wooden_pickaxe":1,"minecraft:iron_ingot":1,"minecraft:iron_pickaxe":1,"minecraft:stone_pickaxe":1,"minecraft:gold_ingot":1,"minecraft:chest":2,"minecraft:acacia_planks":64,"minecraft:stone_axe":1},"minecraft:picked_up":{"minecraft:stick":2,"minecraft:mud":20,"minecraft:crafting_table":4,"minecraft:chicken":1,"minecraft:acacia_log":16,"minecraft:filled_map":2,"minecraft:sand":130,"minecraft:shield":2,"minecraft:string":1,"minecraft:dirt":9,"minecraft:rotten_flesh":1,"minecraft:apple":1,"minecraft:bone":1,"minecraft:cooked_cod":9,"minecraft:gold_nugget":9,"minecraft:bow":1,"minecraft:wheat_seeds":4,"minecraft:heart_of_the_sea":2,"minecraft:iron_ingot":6,"minecraft:iron_nugget":6,"minecraft:gold_ingot":6,"minecraft:emerald":7,"minecraft:oak_sapling":1,"minecraft:chest":1,"minecraft:cobblestone":69},"minecraft:used":{"minecraft:stone_shovel":131,"minecraft:stone_pickaxe":64,"minecraft:chest":3,"minecraft:wooden_pickaxe":14,"minecraft:stone_axe":14,"minecraft:dirt":4,"minecraft:crafting_table":5,"minecraft:cooked_cod":3},"minecraft:custom":{"minecraft:time_since_rest":29680,"minecraft:interact_with_furnace":4,"minecraft:sprint_one_cm":42150,"minecraft:damage_taken":75,"minecraft:walk_one_cm":65119,"minecraft:mob_kills":4,"minecraft:drop":6,"minecraft:damage_dealt":507,"minecraft:interact_with_crafting_table":14,"minecraft:swim_one_cm":4534,"minecraft:fly_one_cm":51517,"minecraft:open_chest":9,"minecraft:crouch_one_cm":499,"minecraft:play_time":29680,"minecraft:sneak_time":42,"minecraft:walk_under_water_one_cm":3706,"minecraft:boat_one_cm":248669,"minecraft:jump":295,"minecraft:walk_on_water_one_cm":1615,"minecraft:time_since_death":29680,"minecraft:climb_one_cm":56,"minecraft:total_world_time":29680,"minecraft:fall_one_cm":9195}},"DataVersion":3465}