{"stats":{"minecraft:killed":{"minecraft:zombie":1},"minecraft:mined":{"minecraft:acacia_log":10,"minecraft:grass_block":49,"minecraft:oak_log":14,"minecraft:chest":1,"minecraft:sand":51,"minecraft:dirt":19,"minecraft:stone":17,"minecraft:sugar_cane":20,"minecraft:oak_leaves":2},"minecraft:crafted":{"minecraft:wooden_sword":1,"minecraft:oak_planks":28,"minecraft:crafting_table":1,"minecraft:stick":8,"minecraft:wooden_pickaxe":1,"minecraft:stone_pickaxe":1,"minecraft:wooden_axe":1,"minecraft:furnace":1,"minecraft:stone_axe":1},"minecraft:picked_up":{"minecraft:stick":1,"minecraft:acacia_log":9,"minecraft:sand":51,"minecraft:oak_log":14,"minecraft:dirt":68,"minecraft:apple":1,"minecraft:oak_sapling":1,"minecraft:sugar_cane":31,"minecraft:acacia_sapling":1,"minecraft:cobblestone":16},"minecraft:used":{"minecraft:wooden_axe":8,"minecraft:apple":1,"minecraft:wooden_pickaxe":18,"minecraft:sugar_cane":30,"minecraft:wooden_sword":10,"minecraft:dirt":6,"minecraft:sand":51,"minecraft:crafting_table":1,"minecraft:furnace":1,"minecraft:acacia_sapling":1},"minecraft:custom":{"minecraft:time_since_rest":15702,"minecraft:interact_with_furnace":2,"minecraft:sprint_one_cm":28345,"minecraft:damage_taken":100,"minecraft:walk_one_cm":46978,"minecraft:mob_kills":1,"minecraft:damage_dealt":354,"minecraft:swim_one_cm":6941,"minecraft:interact_with_crafting_table":5,"minecraft:fly_one_cm":59620,"minecraft:open_chest":2,"minecraft:crouch_one_cm":1059,"minecraft:play_time":15702,"minecraft:sneak_time":1370,"minecraft:walk_under_water_one_cm":2812,"minecraft:jump":297,"minecraft:walk_on_water_one_cm":11971,"minecraft:time_since_death":15702,"minecraft:total_world_time":15702,"minecraft:fall_one_cm":8593}},"DataVersion":3465}