{"stats":{"minecraft:killed":{"minecraft:witch":1,"minecraft:spider":1,"minecraft:creeper":1,"minecraft:zombie":10,"minecraft:drowned":2},"minecraft:mined":{"minecraft:acacia_leaves":13,"minecraft:crafting_table":1,"minecraft:torch":4,"minecraft:granite":9,"minecraft:acacia_log":32,"minecraft:grass_block":141,"minecraft:chest":1,"minecraft:sugar_cane":40,"minecraft:wall_torch":3,"minecraft:coarse_dirt":29,"minecraft:furnace":1,"minecraft:iron_ore":4,"minecraft:grass":83,"minecraft:oak_log":14,"minecraft:gravel":1,"minecraft:sand":139,"minecraft:dirt":120,"minecraft:stone":83,"minecraft:oak_leaves":2},"minecraft:dropped":{"minecraft:stone_axe":1,"minecraft:kelp":6},"minecraft:broken":{"minecraft:stone_shovel":1},"minecraft:crafted":{"minecraft:wooden_sword":1,"minecraft:oak_planks":44,"minecraft:stone_shovel":2,"minecraft:crafting_table":1,"minecraft:wooden_pickaxe":1,"minecraft:furnace":1,"minecraft:stone_axe":2,"minecraft:air":0,"minecraft:charcoal":4,"minecraft:stick":16,"minecraft:stone_pickaxe":1,"minecraft:wooden_axe":1,"minecraft:chest":2,"minecraft:torch":24},"minecraft:picked_up":{"minecraft:charcoal":2,"minecraft:coarse_dirt":29,"minecraft:crafting_table":1,"minecraft:oak_log":14,"minecraft:string":2,"minecraft:dirt":274,"minecraft:apple":1,"minecraft:kelp":6,"minecraft:wheat_seeds":13,"minecraft:glowstone_dust":1,"minecraft:sugar_cane":62,"minecraft:acacia_sapling":5,"minecraft:oak_planks":2,"minecraft:furnace":1,"minecraft:stick":5,"minecraft:raw_iron":4,"minecraft:torch":14,"minecraft:acacia_log":31,"minecraft:gravel":20,"minecraft:sand":142,"minecraft:rotten_flesh":14,"minecraft:granite":9,"minecraft:oak_sapling":1,"minecraft:cobblestone":83},"minecraft:used":{"minecraft:stone_shovel":261,"minecraft:stone_pickaxe":82,"minecraft:chest":2,"minecraft:wooden_pickaxe":18,"minecraft:sugar_cane":62,"minecraft:rotten_flesh":14,"minecraft:torch":37,"minecraft:sand":93,"minecraft:dirt":254,"minecraft:crafting_table":2,"minecraft:acacia_sapling":3,"minecraft:granite":6,"minecraft:wooden_axe":8,"minecraft:apple":1,"minecraft:stone_axe":80,"minecraft:wooden_sword":11,"minecraft:furnace":2,"minecraft:oak_sapling":1,"minecraft:coarse_dirt":25},"minecraft:killed_by":{"minecraft:zombie":1},"minecraft:custom":{"minecraft:interact_with_furnace":12,"minecraft:mob_kills":16,"minecraft:interact_with_crafting_table":11,"minecraft:leave_game":2,"minecraft:time_since_death":449,"minecraft:time_since_rest":512,"minecraft:sprint_one_cm":58142,"minecraft:damage_taken":470,"minecraft:walk_one_cm":183866,"minecraft:drop":7,"minecraft:damage_dealt":3579,"minecraft:swim_one_cm":21492,"minecraft:fly_one_cm":87776,"minecraft:open_chest":6,"minecraft:crouch_one_cm":4636,"minecraft:play_time":43048,"minecraft:deaths":1,"minecraft:sneak_time":2721,"minecraft:walk_under_water_one_cm":13493,"minecraft:jump":526,"minecraft:walk_on_water_one_cm":31682,"minecraft:total_world_time":43048,"minecraft:fall_one_cm":11393}},"DataVersion":3465}