{"stats":{"minecraft:killed":{"minecraft:zombie":6,"minecraft:drowned":1},"minecraft:mined":{"minecraft:coarse_dirt":2,"minecraft:torch":1,"minecraft:grass":38,"minecraft:acacia_log":26,"minecraft:grass_block":126,"minecraft:oak_log":14,"minecraft:chest":1,"minecraft:sand":106,"minecraft:dirt":63,"minecraft:stone":39,"minecraft:sugar_cane":20,"minecraft:oak_leaves":2},"minecraft:crafted":{"minecraft:wooden_sword":1,"minecraft:oak_planks":28,"minecraft:stone_shovel":2,"minecraft:charcoal":4,"minecraft:crafting_table":1,"minecraft:stick":16,"minecraft:wooden_pickaxe":1,"minecraft:stone_pickaxe":1,"minecraft:wooden_axe":1,"minecraft:furnace":1,"minecraft:torch":16,"minecraft:stone_axe":1,"minecraft:air":0},"minecraft:picked_up":{"minecraft:coarse_dirt":2,"minecraft:stick":1,"minecraft:torch":4,"minecraft:acacia_log":25,"minecraft:sand":106,"minecraft:oak_log":14,"minecraft:dirt":189,"minecraft:rotten_flesh":8,"minecraft:apple":1,"minecraft:wheat_seeds":3,"minecraft:oak_sapling":1,"minecraft:sugar_cane":32,"minecraft:acacia_sapling":1,"minecraft:cobblestone":38},"minecraft:used":{"minecraft:wooden_axe":8,"minecraft:apple":1,"minecraft:stone_shovel":135,"minecraft:stone_pickaxe":22,"minecraft:wooden_pickaxe":18,"minecraft:sugar_cane":32,"minecraft:rotten_flesh":7,"minecraft:torch":17,"minecraft:stone_axe":38,"minecraft:wooden_sword":11,"minecraft:dirt":142,"minecraft:sand":51,"minecraft:crafting_table":1,"minecraft:oak_sapling":1,"minecraft:furnace":1,"minecraft:acacia_sapling":1},"minecraft:custom":{"minecraft:time_since_rest":27702,"minecraft:interact_with_furnace":7,"minecraft:sprint_one_cm":37156,"minecraft:damage_taken":225,"minecraft:walk_one_cm":97476,"minecraft:mob_kills":8,"minecraft:damage_dealt":1820,"minecraft:swim_one_cm":21492,"minecraft:interact_with_crafting_table":6,"minecraft:fly_one_cm":66219,"minecraft:open_chest":2,"minecraft:crouch_one_cm":2473,"minecraft:play_time":27702,"minecraft:sneak_time":1904,"minecraft:walk_under_water_one_cm":13427,"minecraft:jump":378,"minecraft:walk_on_water_one_cm":24197,"minecraft:time_since_death":27702,"minecraft:total_world_time":27702,"minecraft:fall_one_cm":9487}},"DataVersion":3465}