{"stats":{"minecraft:killed":{"minecraft:witch":1,"minecraft:spider":2,"minecraft:creeper":1,"minecraft:skeleton":1,"minecraft:zombie":11,"minecraft:drowned":3},"minecraft:mined":{"minecraft:acacia_leaves":15,"minecraft:white_bed":1,"minecraft:farmland":21,"minecraft:stone_brick_slab":3,"minecraft:crafting_table":1,"minecraft:torch":18,"minecraft:granite":41,"minecraft:acacia_log":77,"minecraft:stone_brick_wall":3,"minecraft:grass_block":388,"minecraft:chest":1,"minecraft:copper_ore":2,"minecraft:sugar_cane":158,"minecraft:diorite":9,"minecraft:wall_torch":3,"minecraft:coarse_dirt":361,"minecraft:acacia_sapling":2,"minecraft:furnace":1,"minecraft:carrots":51,"minecraft:acacia_fence_gate":12,"minecraft:wheat":19,"minecraft:iron_ore":4,"minecraft:yellow_bed":3,"minecraft:grass":146,"minecraft:beetroots":8,"minecraft:potatoes":28,"minecraft:coal_ore":6,"minecraft:oak_log":20,"minecraft:gravel":17,"minecraft:sand":232,"minecraft:dirt":738,"minecraft:stone":291,"minecraft:granite_stairs":1,"minecraft:oak_leaves":2},"minecraft:dropped":{"minecraft:stone_axe":1,"minecraft:kelp":6,"minecraft:rotten_flesh":1,"minecraft:carrot":18,"minecraft:torch":1},"minecraft:crafted":{"minecraft:wooden_sword":1,"minecraft:oak_planks":68,"minecraft:stone_shovel":14,"minecraft:crafting_table":1,"minecraft:wooden_pickaxe":1,"minecraft:furnace":1,"minecraft:acacia_fence_gate":9,"minecraft:stone":46,"minecraft:bone_meal":6,"minecraft:bucket":1,"minecraft:stone_axe":2,"minecraft:bread":2,"minecraft:air":0,"minecraft:charcoal":4,"minecraft:shield":1,"minecraft:stick":92,"minecraft:iron_ingot":5,"minecraft:stone_pickaxe":3,"minecraft:wooden_axe":1,"minecraft:stonecutter":1,"minecraft:chest":2,"minecraft:acacia_planks":30,"minecraft:torch":32,"minecraft:stone_hoe":2},"minecraft:picked_up":{"minecraft:wheat":18,"minecraft:charcoal":2,"minecraft:coarse_dirt":364,"minecraft:crafting_table":1,"minecraft:potato":28,"minecraft:stone_brick_wall":3,"minecraft:flint":1,"minecraft:granite_stairs":1,"minecraft:oak_log":21,"minecraft:yellow_bed":3,"minecraft:string":6,"minecraft:dirt":1194,"minecraft:raw_copper":8,"minecraft:cooked_mutton":4,"minecraft:beetroot":2,"minecraft:apple":1,"minecraft:kelp":6,"minecraft:wheat_seeds":83,"minecraft:cooked_chicken":2,"minecraft:acacia_fence_gate":12,"minecraft:stone_pickaxe":1,"minecraft:glowstone_dust":2,"minecraft:sugar_cane":249,"minecraft:acacia_sapling":31,"minecraft:oak_planks":8,"minecraft:furnace":1,"minecraft:stick":15,"minecraft:raw_iron":4,"minecraft:stone_brick_slab":3,"minecraft:torch":46,"minecraft:acacia_log":101,"minecraft:gravel":55,"minecraft:sand":284,"minecraft:grass_block":1,"minecraft:diorite":9,"minecraft:white_bed":1,"minecraft:carrot":63,"minecraft:arrow":2,"minecraft:stone_shovel":1,"minecraft:rotten_flesh":16,"minecraft:beetroot_seeds":12,"minecraft:stone_axe":1,"minecraft:granite":44,"minecraft:oak_sapling":1,"minecraft:coal":6,"minecraft:cobblestone":354,"minecraft:ender_pearl":1},"minecraft:broken":{"minecraft:stone_pickaxe":2,"minecraft:stone_shovel":13,"minecraft:stone_hoe":1},"minecraft:used":{"minecraft:cooked_mutton":2,"minecraft:wheat_seeds":70,"minecraft:water_bucket":3,"minecraft:diorite":9,"minecraft:granite_stairs":25,"minecraft:acacia_log":10,"minecraft:stone_shovel":1740,"minecraft:stone_pickaxe":348,"minecraft:shield":3,"minecraft:chest":2,"minecraft:wooden_pickaxe":18,"minecraft:stonecutter":1,"minecraft:sugar_cane":76,"minecraft:stone_hoe":198,"minecraft:rotten_flesh":15,"minecraft:torch":74,"minecraft:sand":93,"minecraft:dirt":1072,"minecraft:crafting_table":2,"minecraft:carrot":49,"minecraft:white_bed":1,"minecraft:acacia_sapling":3,"minecraft:stone_brick_wall":9,"minecraft:granite":15,"minecraft:stone_brick_slab":65,"minecraft:wooden_axe":8,"minecraft:apple":1,"minecraft:bread":2,"minecraft:acacia_fence_gate":12,"minecraft:stone_axe":164,"minecraft:wooden_sword":11,"minecraft:furnace":2,"minecraft:oak_sapling":1,"minecraft:beetroot_seeds":12,"minecraft:bucket":3,"minecraft:yellow_bed":3,"minecraft:potato":31,"minecraft:coarse_dirt":349,"minecraft:bone_meal":6},"minecraft:killed_by":{"minecraft:zombie":1},"minecraft:custom":{"minecraft:interact_with_furnace":35,"minecraft:mob_kills":20,"minecraft:interact_with_crafting_table":31,"minecraft:interact_with_stonecutter":9,"minecraft:leave_game":2,"minecraft:time_since_death":86838,"minecraft:sleep_in_bed":8,"minecraft:time_since_rest":1153,"minecraft:sprint_one_cm":177521,"minecraft:damage_taken":745,"minecraft:walk_one_cm":557183,"minecraft:damage_blocked_by_shield":85,"minecraft:drop":11,"minecraft:damage_dealt":4660,"minecraft:swim_one_cm":38016,"minecraft:fly_one_cm":217186,"minecraft:open_chest":39,"minecraft:crouch_one_cm":20606,"minecraft:play_time":129437,"minecraft:deaths":1,"minecraft:sneak_time":9517,"minecraft:walk_under_water_one_cm":25231,"minecraft:jump":1198,"minecraft:walk_on_water_one_cm":72557,"minecraft:total_world_time":129437,"minecraft:fall_one_cm":18811}},"DataVersion":3465}