{"stats":{"minecraft:killed":{"minecraft:witch":1,"minecraft:spider":2,"minecraft:creeper":1,"minecraft:zombie":10,"minecraft:drowned":2},"minecraft:mined":{"minecraft:acacia_leaves":13,"minecraft:crafting_table":1,"minecraft:torch":11,"minecraft:granite":30,"minecraft:acacia_log":32,"minecraft:grass_block":178,"minecraft:chest":1,"minecraft:copper_ore":2,"minecraft:sugar_cane":77,"minecraft:wall_torch":3,"minecraft:coarse_dirt":190,"minecraft:acacia_sapling":2,"minecraft:furnace":1,"minecraft:carrots":26,"minecraft:wheat":1,"minecraft:iron_ore":4,"minecraft:grass":141,"minecraft:beetroots":4,"minecraft:potatoes":14,"minecraft:coal_ore":6,"minecraft:oak_log":20,"minecraft:gravel":1,"minecraft:sand":154,"minecraft:dirt":387,"minecraft:stone":177,"minecraft:oak_leaves":2},"minecraft:dropped":{"minecraft:stone_axe":1,"minecraft:kelp":6,"minecraft:carrot":6,"minecraft:torch":1},"minecraft:crafted":{"minecraft:wooden_sword":1,"minecraft:oak_planks":56,"minecraft:stone_shovel":6,"minecraft:crafting_table":1,"minecraft:wooden_pickaxe":1,"minecraft:furnace":1,"minecraft:bone_meal":6,"minecraft:bucket":1,"minecraft:stone_axe":2,"minecraft:air":0,"minecraft:charcoal":4,"minecraft:shield":1,"minecraft:stick":40,"minecraft:iron_ingot":4,"minecraft:stone_pickaxe":3,"minecraft:wooden_axe":1,"minecraft:chest":2,"minecraft:torch":32,"minecraft:stone_hoe":2},"minecraft:picked_up":{"minecraft:charcoal":2,"minecraft:coarse_dirt":193,"minecraft:crafting_table":1,"minecraft:potato":14,"minecraft:oak_log":21,"minecraft:string":6,"minecraft:dirt":596,"minecraft:raw_copper":8,"minecraft:apple":1,"minecraft:kelp":6,"minecraft:wheat_seeds":35,"minecraft:stone_pickaxe":1,"minecraft:glowstone_dust":2,"minecraft:sugar_cane":106,"minecraft:acacia_sapling":9,"minecraft:oak_planks":8,"minecraft:furnace":1,"minecraft:stick":5,"minecraft:raw_iron":4,"minecraft:torch":30,"minecraft:acacia_log":56,"minecraft:gravel":40,"minecraft:sand":206,"minecraft:carrot":38,"minecraft:stone_shovel":1,"minecraft:rotten_flesh":14,"minecraft:beetroot_seeds":4,"minecraft:stone_axe":1,"minecraft:granite":29,"minecraft:oak_sapling":1,"minecraft:coal":6,"minecraft:cobblestone":236},"minecraft:broken":{"minecraft:stone_pickaxe":1,"minecraft:stone_shovel":5,"minecraft:stone_hoe":1},"minecraft:used":{"minecraft:wheat_seeds":20,"minecraft:water_bucket":2,"minecraft:stone_shovel":732,"minecraft:stone_pickaxe":206,"minecraft:chest":2,"minecraft:wooden_pickaxe":18,"minecraft:sugar_cane":74,"minecraft:stone_hoe":166,"minecraft:rotten_flesh":14,"minecraft:torch":51,"minecraft:sand":93,"minecraft:dirt":545,"minecraft:crafting_table":2,"minecraft:carrot":33,"minecraft:acacia_sapling":3,"minecraft:granite":12,"minecraft:wooden_axe":8,"minecraft:apple":1,"minecraft:stone_axe":90,"minecraft:wooden_sword":11,"minecraft:furnace":2,"minecraft:oak_sapling":1,"minecraft:beetroot_seeds":4,"minecraft:bucket":3,"minecraft:potato":16,"minecraft:coarse_dirt":189,"minecraft:bone_meal":6},"minecraft:killed_by":{"minecraft:zombie":1},"minecraft:custom":{"minecraft:interact_with_furnace":18,"minecraft:mob_kills":17,"minecraft:interact_with_crafting_table":22,"minecraft:leave_game":2,"minecraft:time_since_death":32838,"minecraft:sleep_in_bed":3,"minecraft:time_since_rest":4405,"minecraft:sprint_one_cm":101625,"minecraft:damage_taken":540,"minecraft:walk_one_cm":312703,"minecraft:drop":9,"minecraft:damage_dealt":3739,"minecraft:swim_one_cm":36270,"minecraft:fly_one_cm":134832,"minecraft:open_chest":26,"minecraft:crouch_one_cm":10548,"minecraft:play_time":75437,"minecraft:deaths":1,"minecraft:sneak_time":5775,"minecraft:walk_under_water_one_cm":20413,"minecraft:jump":760,"minecraft:walk_on_water_one_cm":45999,"minecraft:total_world_time":75437,"minecraft:fall_one_cm":15918}},"DataVersion":3465}