{"stats":{"minecraft:killed":{"minecraft:witch":1,"minecraft:spider":2,"minecraft:skeleton":2,"minecraft:drowned":5,"minecraft:creeper":1,"minecraft:zombie":18,"minecraft:enderman":2},"minecraft:mined":{"minecraft:white_bed":1,"minecraft:farmland":24,"minecraft:granite":43,"minecraft:acacia_log":215,"minecraft:grass_block":1015,"minecraft:stone_brick_wall":3,"minecraft:furnace":3,"minecraft:carrots":122,"minecraft:iron_ore":17,"minecraft:potatoes":66,"minecraft:dirt_path":4,"minecraft:stone":486,"minecraft:granite_stairs":3,"minecraft:acacia_leaves":74,"minecraft:stone_brick_slab":8,"minecraft:crafting_table":2,"minecraft:torch":35,"minecraft:blast_furnace":2,"minecraft:chest":1,"minecraft:cobblestone":1,"minecraft:copper_ore":2,"minecraft:sugar_cane":158,"minecraft:diorite":9,"minecraft:wall_torch":4,"minecraft:amethyst_block":4,"minecraft:coarse_dirt":378,"minecraft:acacia_sapling":5,"minecraft:acacia_fence_gate":23,"minecraft:wheat":39,"minecraft:yellow_bed":4,"minecraft:grass":151,"minecraft:oak_log":20,"minecraft:coal_ore":73,"minecraft:beetroots":16,"minecraft:gravel":17,"minecraft:sand":232,"minecraft:dirt":1097,"minecraft:stonecutter":1,"minecraft:oak_leaves":2},"minecraft:dropped":{"minecraft:torch":1,"minecraft:stone_axe":1,"minecraft:kelp":6,"minecraft:rotten_flesh":1,"minecraft:carrot":18},"minecraft:broken":{"minecraft:stone_hoe":2,"minecraft:stone_pickaxe":5,"minecraft:stone_axe":3,"minecraft:stone_shovel":21},"minecraft:crafted":{"minecraft:wooden_sword":1,"minecraft:oak_planks":68,"minecraft:stone_shovel":22,"minecraft:furnace":1,"minecraft:acacia_fence_gate":50,"minecraft:stone":110,"minecraft:bone_meal":6,"minecraft:stone_pickaxe":7,"minecraft:chest":4,"minecraft:stone_hoe":2,"minecraft:cooked_porkchop":8,"minecraft:crafting_table":2,"minecraft:wooden_pickaxe":1,"minecraft:bucket":1,"minecraft:stone_axe":6,"minecraft:bread":2,"minecraft:acacia_boat":1,"minecraft:air":0,"minecraft:tnt":2,"minecraft:charcoal":4,"minecraft:shield":1,"minecraft:stick":280,"minecraft:iron_ingot":5,"minecraft:wooden_axe":1,"minecraft:stonecutter":1,"minecraft:acacia_planks":230,"minecraft:torch":84},"minecraft:picked_up":{"minecraft:charcoal":2,"minecraft:coarse_dirt":381,"minecraft:crafting_table":2,"minecraft:wheat":38,"minecraft:stone_brick_wall":3,"minecraft:amethyst_block":4,"minecraft:string":6,"minecraft:raw_copper":8,"minecraft:beetroot":10,"minecraft:acacia_fence_gate":23,"minecraft:sugar_cane":249,"minecraft:furnace":3,"minecraft:raw_iron":17,"minecraft:stick":24,"minecraft:torch":73,"minecraft:acacia_log":237,"minecraft:diorite":9,"minecraft:carrot":221,"minecraft:rotten_flesh":24,"minecraft:arrow":4,"minecraft:stone_shovel":1,"minecraft:beetroot_seeds":36,"minecraft:cobblestone":552,"minecraft:potato":90,"minecraft:flint":1,"minecraft:granite_stairs":3,"minecraft:oak_log":21,"minecraft:yellow_bed":4,"minecraft:dirt":2184,"minecraft:cooked_mutton":4,"minecraft:apple":1,"minecraft:kelp":6,"minecraft:stonecutter":1,"minecraft:wheat_seeds":145,"minecraft:cooked_chicken":2,"minecraft:stone_pickaxe":1,"minecraft:glowstone_dust":2,"minecraft:oak_planks":8,"minecraft:acacia_sapling":51,"minecraft:stone_brick_slab":8,"minecraft:gravel":55,"minecraft:sand":284,"minecraft:blast_furnace":3,"minecraft:white_bed":1,"minecraft:grass_block":3,"minecraft:stone_axe":1,"minecraft:granite":46,"minecraft:oak_sapling":1,"minecraft:coal":73,"minecraft:ender_pearl":2},"minecraft:used":{"minecraft:granite_stairs":27,"minecraft:acacia_log":28,"minecraft:stone_shovel":2886,"minecraft:chest":6,"minecraft:shield":3,"minecraft:stone_hoe":264,"minecraft:rotten_flesh":15,"minecraft:torch":155,"minecraft:dirt":1912,"minecraft:carrot":157,"minecraft:acacia_sapling":30,"minecraft:granite":15,"minecraft:iron_hoe":12,"minecraft:stone_brick_slab":152,"minecraft:wooden_axe":8,"minecraft:grass_block":2,"minecraft:furnace":2,"minecraft:oak_sapling":1,"minecraft:beetroot_seeds":12,"minecraft:potato":95,"minecraft:wheat_seeds":126,"minecraft:cooked_mutton":4,"minecraft:acacia_boat":1,"minecraft:water_bucket":4,"minecraft:diorite":9,"minecraft:amethyst_block":7,"minecraft:stone_pickaxe":666,"minecraft:ender_pearl":1,"minecraft:wooden_pickaxe":18,"minecraft:stonecutter":2,"minecraft:sugar_cane":76,"minecraft:sand":93,"minecraft:crafting_table":4,"minecraft:white_bed":1,"minecraft:stone_brick_wall":37,"minecraft:apple":1,"minecraft:bread":15,"minecraft:acacia_fence_gate":73,"minecraft:stone_axe":414,"minecraft:wooden_sword":11,"minecraft:cobblestone":207,"minecraft:bucket":4,"minecraft:yellow_bed":4,"minecraft:coarse_dirt":377,"minecraft:bone_meal":6},"minecraft:killed_by":{"minecraft:zombie":1},"minecraft:custom":{"minecraft:mob_kills":32,"minecraft:animals_bred":2,"minecraft:interact_with_crafting_table":51,"minecraft:leave_game":3,"minecraft:time_since_death":192139,"minecraft:sprint_one_cm":384173,"minecraft:walk_one_cm":1053197,"minecraft:damage_blocked_by_shield":85,"minecraft:drop":11,"minecraft:play_time":234738,"minecraft:deaths":1,"minecraft:sneak_time":16396,"minecraft:walk_under_water_one_cm":29537,"minecraft:jump":2657,"minecraft:interact_with_blast_furnace":9,"minecraft:walk_on_water_one_cm":79733,"minecraft:total_world_time":234738,"minecraft:interact_with_furnace":48,"minecraft:interact_with_stonecutter":21,"minecraft:sleep_in_bed":13,"minecraft:time_since_rest":20133,"minecraft:damage_taken":1638,"minecraft:damage_dealt":7826,"minecraft:swim_one_cm":40469,"minecraft:fly_one_cm":528494,"minecraft:open_chest":85,"minecraft:crouch_one_cm":38035,"minecraft:fall_one_cm":52083}},"DataVersion":3465}