{"stats":{"minecraft:killed":{"minecraft:witch":1,"minecraft:spider":2,"minecraft:creeper":1,"minecraft:zombie":10,"minecraft:drowned":2},"minecraft:mined":{"minecraft:acacia_leaves":13,"minecraft:white_bed":1,"minecraft:farmland":21,"minecraft:stone_brick_slab":3,"minecraft:crafting_table":1,"minecraft:torch":17,"minecraft:granite":41,"minecraft:acacia_log":32,"minecraft:stone_brick_wall":3,"minecraft:grass_block":230,"minecraft:chest":1,"minecraft:copper_ore":2,"minecraft:sugar_cane":104,"minecraft:diorite":9,"minecraft:wall_torch":3,"minecraft:coarse_dirt":197,"minecraft:acacia_sapling":2,"minecraft:furnace":1,"minecraft:carrots":51,"minecraft:acacia_fence_gate":12,"minecraft:wheat":7,"minecraft:iron_ore":4,"minecraft:yellow_bed":3,"minecraft:grass":141,"minecraft:beetroots":8,"minecraft:potatoes":28,"minecraft:coal_ore":6,"minecraft:oak_log":20,"minecraft:gravel":17,"minecraft:sand":154,"minecraft:dirt":410,"minecraft:stone":208,"minecraft:granite_stairs":1,"minecraft:oak_leaves":2},"minecraft:dropped":{"minecraft:stone_axe":1,"minecraft:kelp":6,"minecraft:carrot":18,"minecraft:torch":1},"minecraft:crafted":{"minecraft:wooden_sword":1,"minecraft:oak_planks":68,"minecraft:stone_shovel":8,"minecraft:crafting_table":1,"minecraft:wooden_pickaxe":1,"minecraft:furnace":1,"minecraft:acacia_fence_gate":9,"minecraft:stone":46,"minecraft:bone_meal":6,"minecraft:bucket":1,"minecraft:stone_axe":2,"minecraft:bread":2,"minecraft:air":0,"minecraft:charcoal":4,"minecraft:shield":1,"minecraft:stick":80,"minecraft:iron_ingot":5,"minecraft:stone_pickaxe":3,"minecraft:wooden_axe":1,"minecraft:stonecutter":1,"minecraft:chest":2,"minecraft:acacia_planks":26,"minecraft:torch":32,"minecraft:stone_hoe":2},"minecraft:picked_up":{"minecraft:wheat":6,"minecraft:charcoal":2,"minecraft:coarse_dirt":200,"minecraft:crafting_table":1,"minecraft:potato":28,"minecraft:stone_brick_wall":3,"minecraft:flint":1,"minecraft:granite_stairs":1,"minecraft:oak_log":21,"minecraft:yellow_bed":3,"minecraft:string":6,"minecraft:dirt":683,"minecraft:raw_copper":8,"minecraft:beetroot":2,"minecraft:apple":1,"minecraft:kelp":6,"minecraft:wheat_seeds":51,"minecraft:acacia_fence_gate":12,"minecraft:stone_pickaxe":1,"minecraft:glowstone_dust":2,"minecraft:sugar_cane":133,"minecraft:acacia_sapling":9,"minecraft:oak_planks":8,"minecraft:furnace":1,"minecraft:stick":5,"minecraft:raw_iron":4,"minecraft:stone_brick_slab":3,"minecraft:torch":41,"minecraft:acacia_log":56,"minecraft:gravel":55,"minecraft:sand":206,"minecraft:diorite":9,"minecraft:white_bed":1,"minecraft:carrot":63,"minecraft:stone_shovel":1,"minecraft:rotten_flesh":14,"minecraft:beetroot_seeds":12,"minecraft:stone_axe":1,"minecraft:granite":44,"minecraft:oak_sapling":1,"minecraft:coal":6,"minecraft:cobblestone":271},"minecraft:broken":{"minecraft:stone_pickaxe":2,"minecraft:stone_shovel":7,"minecraft:stone_hoe":1},"minecraft:used":{"minecraft:wheat_seeds":38,"minecraft:water_bucket":3,"minecraft:diorite":9,"minecraft:granite_stairs":25,"minecraft:acacia_log":10,"minecraft:stone_shovel":1016,"minecraft:stone_pickaxe":264,"minecraft:chest":2,"minecraft:wooden_pickaxe":18,"minecraft:stonecutter":1,"minecraft:sugar_cane":76,"minecraft:stone_hoe":197,"minecraft:rotten_flesh":14,"minecraft:torch":65,"minecraft:sand":93,"minecraft:dirt":660,"minecraft:crafting_table":2,"minecraft:carrot":49,"minecraft:white_bed":1,"minecraft:acacia_sapling":3,"minecraft:stone_brick_wall":9,"minecraft:granite":15,"minecraft:stone_brick_slab":65,"minecraft:wooden_axe":8,"minecraft:apple":1,"minecraft:bread":2,"minecraft:acacia_fence_gate":12,"minecraft:stone_axe":102,"minecraft:wooden_sword":11,"minecraft:furnace":2,"minecraft:oak_sapling":1,"minecraft:beetroot_seeds":4,"minecraft:bucket":3,"minecraft:yellow_bed":3,"minecraft:potato":16,"minecraft:coarse_dirt":189,"minecraft:bone_meal":6},"minecraft:killed_by":{"minecraft:zombie":1},"minecraft:custom":{"minecraft:interact_with_furnace":33,"minecraft:mob_kills":17,"minecraft:interact_with_crafting_table":28,"minecraft:interact_with_stonecutter":9,"minecraft:leave_game":2,"minecraft:time_since_death":56838,"minecraft:sleep_in_bed":5,"minecraft:time_since_rest":12261,"minecraft:sprint_one_cm":132041,"minecraft:damage_taken":670,"minecraft:walk_one_cm":425840,"minecraft:drop":10,"minecraft:damage_dealt":3739,"minecraft:swim_one_cm":38016,"minecraft:fly_one_cm":159394,"minecraft:open_chest":33,"minecraft:crouch_one_cm":15410,"minecraft:play_time":99437,"minecraft:deaths":1,"minecraft:sneak_time":7018,"minecraft:walk_under_water_one_cm":24583,"minecraft:jump":917,"minecraft:walk_on_water_one_cm":49138,"minecraft:total_world_time":99437,"minecraft:fall_one_cm":17023}},"DataVersion":3465}