{"stats":{"minecraft:killed":{"minecraft:witch":1,"minecraft:spider":2,"minecraft:creeper":1,"minecraft:zombie":10,"minecraft:drowned":2},"minecraft:mined":{"minecraft:acacia_leaves":13,"minecraft:farmland":18,"minecraft:stone_brick_slab":2,"minecraft:crafting_table":1,"minecraft:torch":13,"minecraft:granite":38,"minecraft:acacia_log":32,"minecraft:stone_brick_wall":3,"minecraft:grass_block":206,"minecraft:chest":1,"minecraft:copper_ore":2,"minecraft:sugar_cane":77,"minecraft:diorite":8,"minecraft:wall_torch":3,"minecraft:coarse_dirt":193,"minecraft:acacia_sapling":2,"minecraft:furnace":1,"minecraft:carrots":51,"minecraft:acacia_fence_gate":3,"minecraft:wheat":2,"minecraft:iron_ore":4,"minecraft:grass":141,"minecraft:beetroots":8,"minecraft:potatoes":28,"minecraft:coal_ore":6,"minecraft:oak_log":20,"minecraft:gravel":17,"minecraft:sand":154,"minecraft:dirt":399,"minecraft:stone":208,"minecraft:granite_stairs":1,"minecraft:oak_leaves":2},"minecraft:dropped":{"minecraft:stone_axe":1,"minecraft:kelp":6,"minecraft:carrot":6,"minecraft:torch":1},"minecraft:crafted":{"minecraft:wooden_sword":1,"minecraft:oak_planks":68,"minecraft:stone_shovel":8,"minecraft:crafting_table":1,"minecraft:wooden_pickaxe":1,"minecraft:furnace":1,"minecraft:acacia_fence_gate":9,"minecraft:stone":30,"minecraft:bone_meal":6,"minecraft:bucket":1,"minecraft:stone_axe":2,"minecraft:air":0,"minecraft:charcoal":4,"minecraft:shield":1,"minecraft:stick":80,"minecraft:iron_ingot":5,"minecraft:stone_pickaxe":3,"minecraft:wooden_axe":1,"minecraft:stonecutter":1,"minecraft:chest":2,"minecraft:acacia_planks":26,"minecraft:torch":32,"minecraft:stone_hoe":2},"minecraft:picked_up":{"minecraft:wheat":1,"minecraft:charcoal":2,"minecraft:coarse_dirt":196,"minecraft:crafting_table":1,"minecraft:potato":28,"minecraft:stone_brick_wall":3,"minecraft:flint":1,"minecraft:granite_stairs":1,"minecraft:oak_log":21,"minecraft:string":6,"minecraft:dirt":651,"minecraft:raw_copper":8,"minecraft:beetroot":2,"minecraft:apple":1,"minecraft:kelp":6,"minecraft:wheat_seeds":38,"minecraft:acacia_fence_gate":3,"minecraft:stone_pickaxe":1,"minecraft:glowstone_dust":2,"minecraft:sugar_cane":106,"minecraft:acacia_sapling":9,"minecraft:oak_planks":8,"minecraft:furnace":1,"minecraft:stick":5,"minecraft:raw_iron":4,"minecraft:stone_brick_slab":2,"minecraft:torch":33,"minecraft:acacia_log":56,"minecraft:gravel":55,"minecraft:sand":206,"minecraft:diorite":8,"minecraft:carrot":63,"minecraft:stone_shovel":1,"minecraft:rotten_flesh":14,"minecraft:beetroot_seeds":12,"minecraft:stone_axe":1,"minecraft:granite":41,"minecraft:oak_sapling":1,"minecraft:coal":6,"minecraft:cobblestone":271},"minecraft:broken":{"minecraft:stone_pickaxe":1,"minecraft:stone_shovel":6,"minecraft:stone_hoe":1},"minecraft:used":{"minecraft:wheat_seeds":25,"minecraft:water_bucket":2,"minecraft:granite_stairs":25,"minecraft:acacia_log":4,"minecraft:stone_shovel":812,"minecraft:stone_pickaxe":259,"minecraft:chest":2,"minecraft:wooden_pickaxe":18,"minecraft:stonecutter":1,"minecraft:sugar_cane":74,"minecraft:stone_hoe":166,"minecraft:rotten_flesh":14,"minecraft:torch":54,"minecraft:sand":93,"minecraft:dirt":563,"minecraft:crafting_table":2,"minecraft:carrot":33,"minecraft:acacia_sapling":3,"minecraft:stone_brick_wall":7,"minecraft:granite":12,"minecraft:stone_brick_slab":38,"minecraft:wooden_axe":8,"minecraft:apple":1,"minecraft:acacia_fence_gate":12,"minecraft:stone_axe":93,"minecraft:wooden_sword":11,"minecraft:furnace":2,"minecraft:oak_sapling":1,"minecraft:beetroot_seeds":4,"minecraft:bucket":3,"minecraft:potato":16,"minecraft:coarse_dirt":189,"minecraft:bone_meal":6},"minecraft:killed_by":{"minecraft:zombie":1},"minecraft:custom":{"minecraft:interact_with_furnace":31,"minecraft:mob_kills":17,"minecraft:interact_with_crafting_table":27,"minecraft:interact_with_stonecutter":6,"minecraft:leave_game":2,"minecraft:time_since_death":44838,"minecraft:sleep_in_bed":5,"minecraft:time_since_rest":261,"minecraft:sprint_one_cm":113167,"minecraft:damage_taken":540,"minecraft:walk_one_cm":358953,"minecraft:drop":9,"minecraft:damage_dealt":3739,"minecraft:swim_one_cm":36270,"minecraft:fly_one_cm":143433,"minecraft:open_chest":31,"minecraft:crouch_one_cm":11683,"minecraft:play_time":87437,"minecraft:deaths":1,"minecraft:sneak_time":6012,"minecraft:walk_under_water_one_cm":21139,"minecraft:jump":837,"minecraft:walk_on_water_one_cm":47000,"minecraft:total_world_time":87437,"minecraft:fall_one_cm":16605}},"DataVersion":3465}