{"stats":{"minecraft:killed":{"minecraft:witch":1,"minecraft:spider":1,"minecraft:creeper":1,"minecraft:zombie":10,"minecraft:drowned":2},"minecraft:mined":{"minecraft:acacia_leaves":13,"minecraft:crafting_table":1,"minecraft:torch":5,"minecraft:granite":11,"minecraft:acacia_log":32,"minecraft:grass_block":142,"minecraft:chest":1,"minecraft:sugar_cane":40,"minecraft:wall_torch":3,"minecraft:coarse_dirt":64,"minecraft:acacia_sapling":2,"minecraft:furnace":1,"minecraft:iron_ore":4,"minecraft:grass":139,"minecraft:coal_ore":6,"minecraft:oak_log":20,"minecraft:gravel":1,"minecraft:sand":140,"minecraft:dirt":172,"minecraft:stone":84,"minecraft:oak_leaves":2},"minecraft:dropped":{"minecraft:stone_axe":1,"minecraft:kelp":6},"minecraft:broken":{"minecraft:stone_shovel":2},"minecraft:crafted":{"minecraft:wooden_sword":1,"minecraft:oak_planks":44,"minecraft:stone_shovel":4,"minecraft:crafting_table":1,"minecraft:wooden_pickaxe":1,"minecraft:furnace":1,"minecraft:bucket":1,"minecraft:stone_axe":2,"minecraft:air":0,"minecraft:charcoal":4,"minecraft:stick":28,"minecraft:iron_ingot":4,"minecraft:stone_pickaxe":1,"minecraft:wooden_axe":1,"minecraft:chest":2,"minecraft:torch":24,"minecraft:stone_hoe":1},"minecraft:picked_up":{"minecraft:charcoal":2,"minecraft:coarse_dirt":68,"minecraft:crafting_table":1,"minecraft:oak_log":21,"minecraft:string":4,"minecraft:dirt":347,"minecraft:apple":1,"minecraft:kelp":6,"minecraft:wheat_seeds":32,"minecraft:stone_pickaxe":1,"minecraft:glowstone_dust":2,"minecraft:sugar_cane":62,"minecraft:acacia_sapling":9,"minecraft:oak_planks":8,"minecraft:furnace":1,"minecraft:stick":5,"minecraft:raw_iron":4,"minecraft:torch":16,"minecraft:acacia_log":56,"minecraft:gravel":40,"minecraft:sand":192,"minecraft:stone_shovel":1,"minecraft:rotten_flesh":14,"minecraft:stone_axe":1,"minecraft:granite":14,"minecraft:oak_sapling":1,"minecraft:coal":6,"minecraft:cobblestone":148},"minecraft:used":{"minecraft:wheat_seeds":19,"minecraft:water_bucket":1,"minecraft:stone_shovel":348,"minecraft:stone_pickaxe":91,"minecraft:chest":2,"minecraft:wooden_pickaxe":18,"minecraft:sugar_cane":62,"minecraft:stone_hoe":83,"minecraft:rotten_flesh":14,"minecraft:torch":38,"minecraft:sand":93,"minecraft:dirt":327,"minecraft:crafting_table":2,"minecraft:acacia_sapling":3,"minecraft:granite":9,"minecraft:wooden_axe":8,"minecraft:apple":1,"minecraft:stone_axe":86,"minecraft:wooden_sword":11,"minecraft:furnace":2,"minecraft:oak_sapling":1,"minecraft:bucket":1,"minecraft:coarse_dirt":28},"minecraft:killed_by":{"minecraft:zombie":1},"minecraft:custom":{"minecraft:interact_with_furnace":14,"minecraft:mob_kills":16,"minecraft:interact_with_crafting_table":14,"minecraft:leave_game":2,"minecraft:time_since_death":8838,"minecraft:time_since_rest":8901,"minecraft:sprint_one_cm":75578,"minecraft:damage_taken":510,"minecraft:walk_one_cm":212571,"minecraft:drop":7,"minecraft:damage_dealt":3579,"minecraft:swim_one_cm":36270,"minecraft:fly_one_cm":108784,"minecraft:open_chest":9,"minecraft:crouch_one_cm":5914,"minecraft:play_time":51437,"minecraft:deaths":1,"minecraft:sneak_time":3392,"minecraft:walk_under_water_one_cm":17738,"minecraft:jump":607,"minecraft:walk_on_water_one_cm":35485,"minecraft:total_world_time":51437,"minecraft:fall_one_cm":14737}},"DataVersion":3465}