{"stats":{"minecraft:killed":{"minecraft:witch":1,"minecraft:spider":2,"minecraft:skeleton":1,"minecraft:drowned":3,"minecraft:creeper":1,"minecraft:zombie":11},"minecraft:mined":{"minecraft:white_bed":1,"minecraft:farmland":24,"minecraft:granite":41,"minecraft:acacia_log":77,"minecraft:grass_block":454,"minecraft:stone_brick_wall":3,"minecraft:furnace":3,"minecraft:carrots":57,"minecraft:iron_ore":7,"minecraft:potatoes":30,"minecraft:dirt_path":4,"minecraft:stone":333,"minecraft:granite_stairs":3,"minecraft:acacia_leaves":15,"minecraft:stone_brick_slab":8,"minecraft:crafting_table":2,"minecraft:torch":21,"minecraft:chest":1,"minecraft:copper_ore":2,"minecraft:sugar_cane":158,"minecraft:wall_torch":4,"minecraft:diorite":9,"minecraft:coarse_dirt":361,"minecraft:acacia_sapling":2,"minecraft:acacia_fence_gate":22,"minecraft:wheat":19,"minecraft:yellow_bed":3,"minecraft:grass":146,"minecraft:oak_log":20,"minecraft:coal_ore":6,"minecraft:beetroots":8,"minecraft:gravel":17,"minecraft:sand":232,"minecraft:dirt":756,"minecraft:stonecutter":1,"minecraft:oak_leaves":2},"minecraft:dropped":{"minecraft:torch":1,"minecraft:stone_axe":1,"minecraft:kelp":6,"minecraft:rotten_flesh":1,"minecraft:carrot":18},"minecraft:broken":{"minecraft:stone_hoe":1,"minecraft:stone_pickaxe":3,"minecraft:stone_axe":1,"minecraft:stone_shovel":14},"minecraft:crafted":{"minecraft:wooden_sword":1,"minecraft:oak_planks":68,"minecraft:stone_shovel":15,"minecraft:furnace":1,"minecraft:acacia_fence_gate":12,"minecraft:stone":110,"minecraft:bone_meal":6,"minecraft:stone_pickaxe":4,"minecraft:chest":2,"minecraft:stone_hoe":2,"minecraft:cooked_porkchop":8,"minecraft:crafting_table":1,"minecraft:wooden_pickaxe":1,"minecraft:bucket":1,"minecraft:stone_axe":3,"minecraft:bread":2,"minecraft:acacia_boat":1,"minecraft:air":0,"minecraft:charcoal":4,"minecraft:shield":1,"minecraft:stick":104,"minecraft:iron_ingot":5,"minecraft:wooden_axe":1,"minecraft:stonecutter":1,"minecraft:acacia_planks":58,"minecraft:torch":32},"minecraft:picked_up":{"minecraft:charcoal":2,"minecraft:crafting_table":2,"minecraft:coarse_dirt":364,"minecraft:wheat":18,"minecraft:stone_brick_wall":3,"minecraft:string":6,"minecraft:raw_copper":8,"minecraft:beetroot":2,"minecraft:acacia_fence_gate":22,"minecraft:sugar_cane":249,"minecraft:furnace":3,"minecraft:raw_iron":7,"minecraft:stick":15,"minecraft:torch":51,"minecraft:acacia_log":101,"minecraft:diorite":9,"minecraft:carrot":85,"minecraft:rotten_flesh":16,"minecraft:arrow":2,"minecraft:stone_shovel":1,"minecraft:beetroot_seeds":12,"minecraft:cobblestone":396,"minecraft:potato":38,"minecraft:granite_stairs":3,"minecraft:flint":1,"minecraft:oak_log":21,"minecraft:yellow_bed":3,"minecraft:dirt":1293,"minecraft:cooked_mutton":4,"minecraft:apple":1,"minecraft:kelp":6,"minecraft:stonecutter":1,"minecraft:wheat_seeds":83,"minecraft:stone_pickaxe":1,"minecraft:cooked_chicken":2,"minecraft:glowstone_dust":2,"minecraft:oak_planks":8,"minecraft:acacia_sapling":31,"minecraft:stone_brick_slab":8,"minecraft:gravel":55,"minecraft:sand":284,"minecraft:white_bed":1,"minecraft:grass_block":1,"minecraft:stone_axe":1,"minecraft:granite":44,"minecraft:oak_sapling":1,"minecraft:coal":6,"minecraft:ender_pearl":1},"minecraft:used":{"minecraft:granite_stairs":27,"minecraft:acacia_log":22,"minecraft:stone_shovel":1976,"minecraft:chest":2,"minecraft:shield":3,"minecraft:stone_hoe":201,"minecraft:rotten_flesh":15,"minecraft:torch":80,"minecraft:dirt":1268,"minecraft:carrot":70,"minecraft:acacia_sapling":3,"minecraft:granite":15,"minecraft:stone_brick_slab":124,"minecraft:wooden_axe":8,"minecraft:grass_block":1,"minecraft:oak_sapling":1,"minecraft:furnace":2,"minecraft:beetroot_seeds":12,"minecraft:potato":41,"minecraft:wheat_seeds":70,"minecraft:cooked_mutton":4,"minecraft:acacia_boat":1,"minecraft:water_bucket":3,"minecraft:diorite":9,"minecraft:stone_pickaxe":405,"minecraft:wooden_pickaxe":18,"minecraft:stonecutter":1,"minecraft:sugar_cane":76,"minecraft:sand":93,"minecraft:crafting_table":2,"minecraft:white_bed":1,"minecraft:stone_brick_wall":21,"minecraft:apple":1,"minecraft:bread":2,"minecraft:acacia_fence_gate":34,"minecraft:stone_axe":176,"minecraft:wooden_sword":11,"minecraft:bucket":3,"minecraft:yellow_bed":3,"minecraft:coarse_dirt":360,"minecraft:bone_meal":6},"minecraft:killed_by":{"minecraft:zombie":1},"minecraft:custom":{"minecraft:mob_kills":20,"minecraft:animals_bred":1,"minecraft:interact_with_crafting_table":36,"minecraft:leave_game":2,"minecraft:time_since_death":110838,"minecraft:sprint_one_cm":208951,"minecraft:walk_one_cm":685958,"minecraft:damage_blocked_by_shield":85,"minecraft:drop":11,"minecraft:play_time":153437,"minecraft:sneak_time":10429,"minecraft:deaths":1,"minecraft:walk_under_water_one_cm":25231,"minecraft:jump":1428,"minecraft:interact_with_blast_furnace":2,"minecraft:walk_on_water_one_cm":73245,"minecraft:total_world_time":153437,"minecraft:interact_with_furnace":47,"minecraft:interact_with_stonecutter":15,"minecraft:sleep_in_bed":10,"minecraft:time_since_rest":2722,"minecraft:damage_taken":855,"minecraft:damage_dealt":4777,"minecraft:swim_one_cm":38016,"minecraft:fly_one_cm":265219,"minecraft:open_chest":42,"minecraft:crouch_one_cm":23693,"minecraft:fall_one_cm":20793}},"DataVersion":3465}