{"stats":{"minecraft:killed":{"minecraft:witch":1,"minecraft:spider":1,"minecraft:creeper":1,"minecraft:zombie":10,"minecraft:drowned":2},"minecraft:mined":{"minecraft:acacia_leaves":13,"minecraft:crafting_table":1,"minecraft:torch":8,"minecraft:granite":13,"minecraft:acacia_log":32,"minecraft:grass_block":143,"minecraft:chest":1,"minecraft:sugar_cane":40,"minecraft:wall_torch":3,"minecraft:coarse_dirt":188,"minecraft:acacia_sapling":2,"minecraft:furnace":1,"minecraft:carrots":22,"minecraft:wheat":1,"minecraft:iron_ore":4,"minecraft:grass":139,"minecraft:beetroots":4,"minecraft:potatoes":14,"minecraft:coal_ore":6,"minecraft:oak_log":20,"minecraft:gravel":1,"minecraft:sand":154,"minecraft:dirt":351,"minecraft:stone":96,"minecraft:oak_leaves":2},"minecraft:dropped":{"minecraft:stone_axe":1,"minecraft:kelp":6,"minecraft:torch":1},"minecraft:broken":{"minecraft:stone_shovel":5,"minecraft:stone_hoe":1},"minecraft:crafted":{"minecraft:wooden_sword":1,"minecraft:oak_planks":56,"minecraft:stone_shovel":6,"minecraft:crafting_table":1,"minecraft:wooden_pickaxe":1,"minecraft:furnace":1,"minecraft:bucket":1,"minecraft:stone_axe":2,"minecraft:air":0,"minecraft:charcoal":4,"minecraft:shield":1,"minecraft:stick":40,"minecraft:iron_ingot":4,"minecraft:stone_pickaxe":1,"minecraft:wooden_axe":1,"minecraft:chest":2,"minecraft:torch":32,"minecraft:stone_hoe":2},"minecraft:picked_up":{"minecraft:charcoal":2,"minecraft:coarse_dirt":191,"minecraft:crafting_table":1,"minecraft:potato":14,"minecraft:oak_log":21,"minecraft:string":4,"minecraft:dirt":527,"minecraft:apple":1,"minecraft:kelp":6,"minecraft:wheat_seeds":34,"minecraft:stone_pickaxe":1,"minecraft:glowstone_dust":2,"minecraft:sugar_cane":62,"minecraft:acacia_sapling":9,"minecraft:oak_planks":8,"minecraft:furnace":1,"minecraft:stick":5,"minecraft:raw_iron":4,"minecraft:torch":24,"minecraft:acacia_log":56,"minecraft:gravel":40,"minecraft:sand":206,"minecraft:carrot":22,"minecraft:stone_shovel":1,"minecraft:rotten_flesh":14,"minecraft:beetroot_seeds":4,"minecraft:stone_axe":1,"minecraft:granite":16,"minecraft:oak_sapling":1,"minecraft:coal":6,"minecraft:cobblestone":159},"minecraft:used":{"minecraft:wheat_seeds":20,"minecraft:water_bucket":2,"minecraft:stone_shovel":663,"minecraft:stone_pickaxe":106,"minecraft:chest":2,"minecraft:wooden_pickaxe":18,"minecraft:sugar_cane":62,"minecraft:stone_hoe":133,"minecraft:rotten_flesh":14,"minecraft:torch":47,"minecraft:sand":93,"minecraft:dirt":446,"minecraft:crafting_table":2,"minecraft:carrot":23,"minecraft:acacia_sapling":3,"minecraft:granite":12,"minecraft:wooden_axe":8,"minecraft:apple":1,"minecraft:stone_axe":86,"minecraft:wooden_sword":11,"minecraft:furnace":2,"minecraft:oak_sapling":1,"minecraft:bucket":3,"minecraft:potato":1,"minecraft:coarse_dirt":28},"minecraft:killed_by":{"minecraft:zombie":1},"minecraft:custom":{"minecraft:interact_with_furnace":17,"minecraft:mob_kills":16,"minecraft:interact_with_crafting_table":21,"minecraft:leave_game":2,"minecraft:time_since_death":20838,"minecraft:sleep_in_bed":2,"minecraft:time_since_rest":6019,"minecraft:sprint_one_cm":89389,"minecraft:damage_taken":510,"minecraft:walk_one_cm":273452,"minecraft:drop":8,"minecraft:damage_dealt":3579,"minecraft:swim_one_cm":36270,"minecraft:fly_one_cm":120296,"minecraft:open_chest":19,"minecraft:crouch_one_cm":8350,"minecraft:play_time":63437,"minecraft:deaths":1,"minecraft:sneak_time":4031,"minecraft:walk_under_water_one_cm":17738,"minecraft:jump":651,"minecraft:walk_on_water_one_cm":36845,"minecraft:total_world_time":63437,"minecraft:fall_one_cm":14737}},"DataVersion":3465}