{"stats":{"minecraft:mined":{"minecraft:acacia_log":2,"minecraft:oak_log":4,"minecraft:chest":1,"minecraft:sugar_cane":1,"minecraft:oak_leaves":1},"minecraft:picked_up":{"minecraft:oak_log":4,"minecraft:oak_sapling":1,"minecraft:sugar_cane":3,"minecraft:acacia_log":1},"minecraft:custom":{"minecraft:jump":146,"minecraft:open_chest":2,"minecraft:time_since_rest":3702,"minecraft:walk_on_water_one_cm":1363,"minecraft:sprint_one_cm":13570,"minecraft:play_time":3702,"minecraft:time_since_death":3702,"minecraft:walk_one_cm":11488,"minecraft:sneak_time":8,"minecraft:total_world_time":3702,"minecraft:walk_under_water_one_cm":1456,"minecraft:swim_one_cm":475,"minecraft:fall_one_cm":5128,"minecraft:fly_one_cm":36861}},"DataVersion":3465}