{"stats":{"minecraft:killed":{"minecraft:witch":1,"minecraft:spider":2,"minecraft:skeleton":2,"minecraft:drowned":5,"minecraft:creeper":1,"minecraft:zombie":20,"minecraft:enderman":2},"minecraft:mined":{"minecraft:white_bed":1,"minecraft:farmland":24,"minecraft:granite":43,"minecraft:acacia_log":215,"minecraft:grass_block":1020,"minecraft:stone_brick_wall":3,"minecraft:furnace":3,"minecraft:carrots":122,"minecraft:iron_ore":17,"minecraft:potatoes":66,"minecraft:dirt_path":4,"minecraft:stone":487,"minecraft:granite_stairs":3,"minecraft:acacia_leaves":74,"minecraft:stone_brick_slab":8,"minecraft:crafting_table":2,"minecraft:torch":35,"minecraft:blast_furnace":2,"minecraft:chest":1,"minecraft:cobblestone":1,"minecraft:copper_ore":2,"minecraft:sugar_cane":158,"minecraft:diorite":9,"minecraft:wall_torch":4,"minecraft:amethyst_block":4,"minecraft:coarse_dirt":378,"minecraft:acacia_sapling":5,"minecraft:acacia_fence_gate":23,"minecraft:wheat":39,"minecraft:yellow_bed":4,"minecraft:grass":151,"minecraft:oak_log":20,"minecraft:coal_ore":93,"minecraft:beetroots":16,"minecraft:gravel":17,"minecraft:sand":232,"minecraft:dirt":1128,"minecraft:stonecutter":1,"minecraft:oak_leaves":2},"minecraft:dropped":{"minecraft:torch":1,"minecraft:stone_axe":1,"minecraft:kelp":6,"minecraft:rotten_flesh":1,"minecraft:carrot":18},"minecraft:broken":{"minecraft:stone_hoe":2,"minecraft:stone_pickaxe":5,"minecraft:stone_axe":3,"minecraft:stone_shovel":22},"minecraft:crafted":{"minecraft:wooden_sword":1,"minecraft:oak_planks":68,"minecraft:stone_shovel":26,"minecraft:furnace":1,"minecraft:acacia_fence_gate":50,"minecraft:stone":110,"minecraft:bone_meal":6,"minecraft:stone_pickaxe":7,"minecraft:chest":4,"minecraft:stone_hoe":2,"minecraft:cooked_porkchop":8,"minecraft:crafting_table":2,"minecraft:wooden_pickaxe":1,"minecraft:bucket":1,"minecraft:stone_axe":6,"minecraft:bread":2,"minecraft:acacia_boat":1,"minecraft:air":0,"minecraft:tnt":2,"minecraft:charcoal":4,"minecraft:shield":1,"minecraft:stick":288,"minecraft:iron_ingot":5,"minecraft:wooden_axe":1,"minecraft:stonecutter":1,"minecraft:acacia_planks":234,"minecraft:torch":84},"minecraft:picked_up":{"minecraft:charcoal":2,"minecraft:coarse_dirt":381,"minecraft:crafting_table":2,"minecraft:wheat":38,"minecraft:stone_brick_wall":3,"minecraft:amethyst_block":4,"minecraft:string":28,"minecraft:raw_copper":8,"minecraft:beetroot":10,"minecraft:acacia_fence_gate":23,"minecraft:sugar_cane":249,"minecraft:furnace":3,"minecraft:raw_iron":29,"minecraft:stick":24,"minecraft:torch":73,"minecraft:acacia_log":237,"minecraft:diorite":9,"minecraft:carrot":249,"minecraft:tnt":4,"minecraft:rotten_flesh":31,"minecraft:arrow":9,"minecraft:stone_shovel":1,"minecraft:beetroot_seeds":36,"minecraft:cobblestone":627,"minecraft:potato":90,"minecraft:flint":1,"minecraft:granite_stairs":3,"minecraft:oak_log":21,"minecraft:yellow_bed":4,"minecraft:dirt":2348,"minecraft:cooked_mutton":4,"minecraft:apple":1,"minecraft:kelp":6,"minecraft:stonecutter":1,"minecraft:wheat_seeds":157,"minecraft:cooked_chicken":2,"minecraft:stone_pickaxe":3,"minecraft:glowstone_dust":2,"minecraft:oak_planks":8,"minecraft:acacia_sapling":59,"minecraft:stone_brick_slab":8,"minecraft:gravel":55,"minecraft:sand":490,"minecraft:blast_furnace":3,"minecraft:white_bed":1,"minecraft:grass_block":3,"minecraft:stone_axe":2,"minecraft:granite":46,"minecraft:bread":102,"minecraft:oak_sapling":1,"minecraft:coal":93,"minecraft:ender_pearl":2},"minecraft:used":{"minecraft:granite_stairs":27,"minecraft:acacia_log":28,"minecraft:stone_shovel":2900,"minecraft:chest":6,"minecraft:shield":3,"minecraft:stone_hoe":264,"minecraft:rotten_flesh":15,"minecraft:torch":155,"minecraft:dirt":2096,"minecraft:carrot":157,"minecraft:acacia_sapling":30,"minecraft:granite":15,"minecraft:iron_hoe":12,"minecraft:stone_brick_slab":152,"minecraft:wooden_axe":8,"minecraft:grass_block":2,"minecraft:furnace":2,"minecraft:oak_sapling":1,"minecraft:beetroot_seeds":12,"minecraft:potato":95,"minecraft:wheat_seeds":126,"minecraft:cooked_mutton":4,"minecraft:acacia_boat":1,"minecraft:water_bucket":4,"minecraft:diorite":9,"minecraft:amethyst_block":7,"minecraft:stone_pickaxe":687,"minecraft:ender_pearl":2,"minecraft:wooden_pickaxe":18,"minecraft:stonecutter":2,"minecraft:sugar_cane":76,"minecraft:sand":93,"minecraft:crafting_table":4,"minecraft:white_bed":1,"minecraft:stone_brick_wall":37,"minecraft:apple":1,"minecraft:bread":18,"minecraft:acacia_fence_gate":73,"minecraft:stone_axe":424,"minecraft:wooden_sword":11,"minecraft:cobblestone":207,"minecraft:bucket":4,"minecraft:yellow_bed":4,"minecraft:coarse_dirt":377,"minecraft:bone_meal":6},"minecraft:killed_by":{"minecraft:skeleton":1,"minecraft:phantom":1,"minecraft:zombie":1},"minecraft:custom":{"minecraft:mob_kills":34,"minecraft:animals_bred":2,"minecraft:interact_with_crafting_table":52,"minecraft:leave_game":3,"minecraft:time_since_death":6948,"minecraft:sprint_one_cm":423065,"minecraft:walk_one_cm":1093011,"minecraft:damage_blocked_by_shield":85,"minecraft:drop":11,"minecraft:play_time":246738,"minecraft:deaths":3,"minecraft:sneak_time":16787,"minecraft:walk_under_water_one_cm":29716,"minecraft:jump":2982,"minecraft:interact_with_blast_furnace":9,"minecraft:walk_on_water_one_cm":80041,"minecraft:total_world_time":246738,"minecraft:interact_with_furnace":51,"minecraft:interact_with_stonecutter":22,"minecraft:sleep_in_bed":16,"minecraft:time_since_rest":5087,"minecraft:damage_taken":2203,"minecraft:damage_dealt":8431,"minecraft:swim_one_cm":45836,"minecraft:fly_one_cm":599486,"minecraft:open_chest":92,"minecraft:crouch_one_cm":38131,"minecraft:fall_one_cm":62648}},"DataVersion":3465}