{"stats":{"minecraft:killed":{"minecraft:witch":1,"minecraft:spider":2,"minecraft:skeleton":1,"minecraft:drowned":5,"minecraft:creeper":1,"minecraft:zombie":11,"minecraft:enderman":1},"minecraft:mined":{"minecraft:white_bed":1,"minecraft:farmland":24,"minecraft:granite":43,"minecraft:acacia_log":132,"minecraft:grass_block":541,"minecraft:stone_brick_wall":3,"minecraft:furnace":3,"minecraft:carrots":102,"minecraft:iron_ore":7,"minecraft:potatoes":66,"minecraft:dirt_path":4,"minecraft:stone":380,"minecraft:granite_stairs":3,"minecraft:acacia_leaves":31,"minecraft:stone_brick_slab":8,"minecraft:crafting_table":2,"minecraft:torch":26,"minecraft:blast_furnace":2,"minecraft:chest":1,"minecraft:copper_ore":2,"minecraft:sugar_cane":158,"minecraft:wall_torch":4,"minecraft:diorite":9,"minecraft:amethyst_block":4,"minecraft:coarse_dirt":378,"minecraft:acacia_sapling":3,"minecraft:acacia_fence_gate":22,"minecraft:wheat":39,"minecraft:yellow_bed":3,"minecraft:grass":146,"minecraft:oak_log":20,"minecraft:coal_ore":6,"minecraft:beetroots":16,"minecraft:gravel":17,"minecraft:sand":232,"minecraft:dirt":927,"minecraft:stonecutter":1,"minecraft:oak_leaves":2},"minecraft:dropped":{"minecraft:torch":1,"minecraft:stone_axe":1,"minecraft:kelp":6,"minecraft:rotten_flesh":1,"minecraft:carrot":18},"minecraft:broken":{"minecraft:stone_hoe":2,"minecraft:stone_pickaxe":3,"minecraft:stone_axe":1,"minecraft:stone_shovel":17},"minecraft:crafted":{"minecraft:wooden_sword":1,"minecraft:oak_planks":68,"minecraft:stone_shovel":18,"minecraft:furnace":1,"minecraft:acacia_fence_gate":12,"minecraft:stone":110,"minecraft:bone_meal":6,"minecraft:stone_pickaxe":4,"minecraft:chest":2,"minecraft:stone_hoe":2,"minecraft:cooked_porkchop":8,"minecraft:crafting_table":1,"minecraft:wooden_pickaxe":1,"minecraft:bucket":1,"minecraft:stone_axe":3,"minecraft:bread":2,"minecraft:acacia_boat":1,"minecraft:air":0,"minecraft:charcoal":4,"minecraft:shield":1,"minecraft:stick":128,"minecraft:iron_ingot":5,"minecraft:wooden_axe":1,"minecraft:stonecutter":1,"minecraft:acacia_planks":58,"minecraft:torch":60},"minecraft:picked_up":{"minecraft:charcoal":2,"minecraft:crafting_table":2,"minecraft:coarse_dirt":381,"minecraft:wheat":38,"minecraft:stone_brick_wall":3,"minecraft:amethyst_block":4,"minecraft:string":6,"minecraft:raw_copper":8,"minecraft:beetroot":10,"minecraft:acacia_fence_gate":22,"minecraft:sugar_cane":249,"minecraft:furnace":3,"minecraft:raw_iron":7,"minecraft:stick":19,"minecraft:torch":65,"minecraft:acacia_log":156,"minecraft:diorite":9,"minecraft:carrot":150,"minecraft:rotten_flesh":18,"minecraft:arrow":2,"minecraft:stone_shovel":1,"minecraft:beetroot_seeds":36,"minecraft:cobblestone":443,"minecraft:potato":90,"minecraft:granite_stairs":3,"minecraft:flint":1,"minecraft:oak_log":21,"minecraft:yellow_bed":3,"minecraft:dirt":1547,"minecraft:cooked_mutton":4,"minecraft:apple":1,"minecraft:kelp":6,"minecraft:stonecutter":1,"minecraft:wheat_seeds":139,"minecraft:stone_pickaxe":1,"minecraft:cooked_chicken":2,"minecraft:glowstone_dust":2,"minecraft:oak_planks":8,"minecraft:acacia_sapling":35,"minecraft:stone_brick_slab":8,"minecraft:gravel":55,"minecraft:sand":284,"minecraft:blast_furnace":3,"minecraft:white_bed":1,"minecraft:grass_block":2,"minecraft:stone_axe":1,"minecraft:granite":46,"minecraft:oak_sapling":1,"minecraft:coal":6,"minecraft:ender_pearl":1},"minecraft:used":{"minecraft:granite_stairs":27,"minecraft:acacia_log":24,"minecraft:stone_shovel":2246,"minecraft:chest":4,"minecraft:shield":3,"minecraft:stone_hoe":264,"minecraft:rotten_flesh":15,"minecraft:torch":122,"minecraft:dirt":1421,"minecraft:carrot":129,"minecraft:acacia_sapling":30,"minecraft:granite":15,"minecraft:iron_hoe":12,"minecraft:stone_brick_slab":143,"minecraft:wooden_axe":8,"minecraft:grass_block":1,"minecraft:oak_sapling":1,"minecraft:furnace":2,"minecraft:beetroot_seeds":12,"minecraft:potato":95,"minecraft:wheat_seeds":126,"minecraft:cooked_mutton":4,"minecraft:acacia_boat":1,"minecraft:water_bucket":4,"minecraft:diorite":9,"minecraft:amethyst_block":7,"minecraft:stone_pickaxe":460,"minecraft:wooden_pickaxe":18,"minecraft:stonecutter":1,"minecraft:sugar_cane":76,"minecraft:sand":93,"minecraft:crafting_table":3,"minecraft:white_bed":1,"minecraft:stone_brick_wall":27,"minecraft:apple":1,"minecraft:bread":2,"minecraft:acacia_fence_gate":34,"minecraft:stone_axe":260,"minecraft:wooden_sword":11,"minecraft:bucket":4,"minecraft:yellow_bed":3,"minecraft:coarse_dirt":377,"minecraft:bone_meal":6},"minecraft:killed_by":{"minecraft:zombie":1},"minecraft:custom":{"minecraft:mob_kills":23,"minecraft:animals_bred":2,"minecraft:interact_with_crafting_table":38,"minecraft:leave_game":2,"minecraft:time_since_death":134838,"minecraft:sprint_one_cm":262785,"minecraft:walk_one_cm":813722,"minecraft:damage_blocked_by_shield":85,"minecraft:drop":11,"minecraft:play_time":177437,"minecraft:sneak_time":11466,"minecraft:deaths":1,"minecraft:walk_under_water_one_cm":28615,"minecraft:jump":1641,"minecraft:interact_with_blast_furnace":3,"minecraft:walk_on_water_one_cm":75098,"minecraft:total_world_time":177437,"minecraft:interact_with_furnace":47,"minecraft:interact_with_stonecutter":15,"minecraft:sleep_in_bed":11,"minecraft:time_since_rest":7303,"minecraft:damage_taken":865,"minecraft:damage_dealt":5626,"minecraft:swim_one_cm":38016,"minecraft:fly_one_cm":321195,"minecraft:open_chest":58,"minecraft:crouch_one_cm":27039,"minecraft:fall_one_cm":21689}},"DataVersion":3465}